gene_id,y_true,logit,prob,fold
ENSG00000002330,1.0,-0.20384378731250763,0.4492147850038308,10
ENSG00000005801,1.0,-1.1329537630081177,0.24361640641996626,10
ENSG00000006071,0.0,0.15310107171535492,0.5382006786014396,10
ENSG00000006118,0.0,-1.326863169670105,0.20967870710842387,10
ENSG00000006611,0.0,0.6979647278785706,0.6677363717760986,10
ENSG00000007372,0.0,-0.1126236766576767,0.47187380415850716,10
ENSG00000011347,0.0,0.2602630853652954,0.5647009629130059,10
ENSG00000011405,1.0,0.31498196721076965,0.5781008346885286,10
ENSG00000013725,0.0,-2.076200008392334,0.1114316663569766,10
ENSG00000014138,1.0,0.7898200750350952,0.687792695898329,10
ENSG00000014216,1.0,-0.4650348424911499,0.3857921010335531,10
ENSG00000019102,0.0,-1.5213099718093872,0.17926870039209483,10
ENSG00000019144,1.0,-0.8250512480735779,0.3046924733846723,10
ENSG00000019485,0.0,0.19641292095184326,0.548945978011633,10
ENSG00000019505,0.0,-0.013841114938259125,0.49653977650670694,10
ENSG00000020922,1.0,0.18498355150222778,0.5461144639028799,10
ENSG00000021300,0.0,1.1385027170181274,0.7574046299936222,10
ENSG00000021762,0.0,0.2444385439157486,0.560807167018717,10
ENSG00000023171,0.0,0.6519639492034912,0.6574528975664311,10
ENSG00000023191,1.0,0.46066129207611084,0.6131710412719662,10
ENSG00000023445,0.0,-1.7901018857955933,0.14306023243836608,10
ENSG00000025434,1.0,-1.9947384595870972,0.11975645779057649,10
ENSG00000026508,1.0,0.08256514370441437,0.5206295679385984,10
ENSG00000030066,1.0,0.8762645721435547,0.7060475510808619,10
ENSG00000033327,1.0,0.685066819190979,0.6648686191110972,10
ENSG00000036672,1.0,0.3565666675567627,0.5882090677538314,10
ENSG00000042429,1.0,0.8562377095222473,0.7018740051726561,10
ENSG00000043039,0.0,-0.11456876993179321,0.4713890962402482,10
ENSG00000048028,1.0,0.8614166378974915,0.7029565456022919,10
ENSG00000048649,1.0,0.48647230863571167,0.6192750470136692,10
ENSG00000049449,0.0,-0.013553395867347717,0.4966117029006438,10
ENSG00000050165,0.0,0.610346794128418,0.6480199064504372,10
ENSG00000051009,1.0,0.6039037108421326,0.6465489050804528,10
ENSG00000052841,1.0,1.403506875038147,0.8027397869975038,10
ENSG00000052850,0.0,-0.19469471275806427,0.451479493387591,10
ENSG00000053918,0.0,-0.13922157883644104,0.4652507149309437,10
ENSG00000054938,0.0,0.4335448741912842,0.6067198331972539,10
ENSG00000054965,1.0,-0.3101307153701782,0.4230828330495488,10
ENSG00000054967,1.0,-0.05419628322124481,0.4864542446236757,10
ENSG00000060749,1.0,-0.3660465478897095,0.4094966592705937,10
ENSG00000062282,0.0,0.023704424500465393,0.5059258286509163,10
ENSG00000064199,1.0,0.12303818762302399,0.5307208013767176,10
ENSG00000064201,1.0,-1.0321468114852905,0.2626681117205686,10
ENSG00000064309,0.0,-0.05952627956867218,0.48512282280357,10
ENSG00000066336,1.0,-0.0691954493522644,0.48270803661951767,10
ENSG00000066382,0.0,-0.29956209659576416,0.42566453580328223,10
ENSG00000068831,1.0,-0.6547555923461914,0.3419186770653838,10
ENSG00000068971,1.0,0.9864093065261841,0.7283781100387091,10
ENSG00000068976,0.0,0.029655463993549347,0.5074133227045975,10
ENSG00000069482,1.0,-0.23740582168102264,0.4409257438877139,10
ENSG00000069696,0.0,-0.4078858494758606,0.3994191629610192,10
ENSG00000070031,0.0,-0.08304545283317566,0.47925056037878666,10
ENSG00000070047,1.0,0.3274892568588257,0.581148349250551,10
ENSG00000070081,1.0,0.6801010966300964,0.6637612607512052,10
ENSG00000070985,0.0,-1.917028546333313,0.12819328856250284,10
ENSG00000071203,0.0,-0.8722864985466003,0.29477875205171755,10
ENSG00000072518,1.0,-0.11281932890415192,0.4718250461425021,10
ENSG00000072952,0.0,-1.4495036602020264,0.19007796494565024,10
ENSG00000073921,1.0,0.5154209733009338,0.6260764148402063,10
ENSG00000074201,1.0,-0.35308772325515747,0.41263385703576744,10
ENSG00000074266,1.0,0.9932006001472473,0.7297196370814854,10
ENSG00000074319,1.0,-0.2631276249885559,0.4345950247207565,10
ENSG00000075239,1.0,-0.762001633644104,0.318211847723253,10
ENSG00000075388,0.0,0.6481316685676575,0.6565893150349498,10
ENSG00000076043,1.0,0.7912132143974304,0.6880917718584959,10
ENSG00000076053,1.0,0.9295286536216736,0.7169796497479437,10
ENSG00000076706,1.0,-0.17453469336032867,0.45647675566513624,10
ENSG00000077458,1.0,0.4052463173866272,0.5999474890781503,10
ENSG00000077498,0.0,-2.0072219371795654,0.11844674777985159,10
ENSG00000077514,1.0,0.0023893937468528748,0.5005973481525148,10
ENSG00000077616,0.0,-2.22029709815979,0.09794255259629957,10
ENSG00000078124,1.0,0.24285371601581573,0.560416782423994,10
ENSG00000078902,1.0,0.7730563282966614,0.6841816677801374,10
ENSG00000080854,0.0,0.0428486093878746,0.5107105136855482,10
ENSG00000082175,0.0,-1.6202994585037231,0.1651635753436684,10
ENSG00000084207,1.0,-0.5297130346298218,0.37058382063582207,10
ENSG00000084234,1.0,0.04586397111415863,0.5114639833045729,10
ENSG00000085063,1.0,-0.26902419328689575,0.4331466698258685,10
ENSG00000085117,0.0,0.4022336006164551,0.5992241881729435,10
ENSG00000085733,1.0,1.0211743116378784,0.7352012780121925,10
ENSG00000085741,0.0,0.4537324905395508,0.6115262996653745,10
ENSG00000086205,0.0,-1.48612380027771,0.1845042367288348,10
ENSG00000086827,1.0,-0.6167741417884827,0.35051547757380347,10
ENSG00000086848,1.0,0.20363864302635193,0.5507344574914382,10
ENSG00000086991,0.0,0.9859604239463806,0.7282892924618402,10
ENSG00000087053,1.0,0.3527716398239136,0.5872895326066507,10
ENSG00000087365,1.0,1.2498750686645508,0.7772782342132752,10
ENSG00000087884,1.0,0.8240118026733398,0.6950872702464476,10
ENSG00000089597,1.0,0.5677576065063477,0.6382455937181274,10
ENSG00000091664,0.0,-2.0519354343414307,0.11385696244334828,10
ENSG00000095110,0.0,-2.0396230220794678,0.11510512391288498,10
ENSG00000095139,1.0,1.1868373155593872,0.7661749435141363,10
ENSG00000099834,0.0,0.5809457898139954,0.6412850035105383,10
ENSG00000099849,1.0,0.31125617027282715,0.577191848395614,10
ENSG00000109832,0.0,0.16289785504341125,0.5406346477026053,10
ENSG00000109846,0.0,-1.629254698753357,0.16393248560402884,10
ENSG00000109851,0.0,-0.9946020841598511,0.2700040387920224,10
ENSG00000109854,1.0,-1.2344613075256348,0.22540154655600977,10
ENSG00000109861,1.0,0.5614833831787109,0.6367956970043722,10
ENSG00000109881,1.0,0.8415323495864868,0.69878784835494,10
ENSG00000109906,0.0,-0.35418838262557983,0.4123671190298148,10
ENSG00000109911,1.0,-1.0141505002975464,0.26616837715218133,10
ENSG00000109917,1.0,0.3240388035774231,0.5803082229527472,10
ENSG00000109919,1.0,0.20392008125782013,0.5508040916367304,10
ENSG00000109920,1.0,0.291899174451828,0.5724610185766181,10
ENSG00000109927,0.0,-1.9311472177505493,0.12662365483703567,10
ENSG00000109929,1.0,0.9169681072235107,0.7144239340847837,10
ENSG00000109943,0.0,-1.6651095151901245,0.15907729713297206,10
ENSG00000109944,0.0,-0.1864534169435501,0.4535212202296737,10
ENSG00000109956,0.0,-0.20404739677906036,0.4491644082952045,10
ENSG00000109971,1.0,0.6519532203674316,0.6574504813363612,10
ENSG00000109991,0.0,-1.8905426263809204,0.1311826119055601,10
ENSG00000110002,1.0,-1.490529179573059,0.18384231374728335,10
ENSG00000110011,1.0,0.5488731265068054,0.6338741082509792,10
ENSG00000110013,1.0,-1.8327336311340332,0.13791294185467112,10
ENSG00000110025,1.0,-0.042722612619400024,0.4893209710952849,10
ENSG00000110031,1.0,-1.42473566532135,0.19392025400610746,10
ENSG00000110042,0.0,-0.6972970366477966,0.33241178179848946,10
ENSG00000110046,1.0,-1.0210026502609253,0.26483214243553627,10
ENSG00000110047,1.0,-0.24179629981517792,0.439843728477307,10
ENSG00000110048,1.0,0.9421345591545105,0.7195306266989461,10
ENSG00000110057,1.0,0.12155786156654358,0.5303521002464036,10
ENSG00000110060,1.0,-0.03596807271242142,0.49100895111268006,10
ENSG00000110063,1.0,0.6856763958930969,0.6650044303257683,10
ENSG00000110066,1.0,0.3654523491859436,0.5903596503256939,10
ENSG00000110074,1.0,0.2968789339065552,0.5736793695736274,10
ENSG00000110075,1.0,1.0761338472366333,0.7457616528332444,10
ENSG00000110076,0.0,-0.2985260486602783,0.4259178423194013,10
ENSG00000110077,0.0,-2.2896015644073486,0.09198782427826362,10
ENSG00000110079,1.0,-1.7068023681640625,0.15357892343178114,10
ENSG00000110080,1.0,-0.28279930353164673,0.42976762353452297,10
ENSG00000110090,1.0,-0.08152474462985992,0.4796300946076769,10
ENSG00000110092,1.0,-0.3022307753562927,0.4250122423822491,10
ENSG00000110104,1.0,1.2298465967178345,0.773791723979435,10
ENSG00000110107,1.0,0.24553757905960083,0.5610778439931553,10
ENSG00000110108,1.0,1.1535526514053345,0.7601592248467435,10
ENSG00000110148,0.0,-0.7159150838851929,0.3282931427479234,10
ENSG00000110169,0.0,-2.0034940242767334,0.11883655970880823,10
ENSG00000110171,0.0,0.32965087890625,0.5816744278778474,10
ENSG00000110172,1.0,-0.09118920564651489,0.4772184829883562,10
ENSG00000110195,0.0,-1.8787190914154053,0.13253607063187237,10
ENSG00000110200,1.0,0.1165362000465393,0.5291011230294438,10
ENSG00000110203,0.0,-2.0156030654907227,0.11757440924639904,10
ENSG00000110218,1.0,-0.32110387086868286,0.42040674964336877,10
ENSG00000110237,0.0,0.200572207570076,0.5499756241266947,10
ENSG00000110243,0.0,-1.5490679740905762,0.17522092242781928,10
ENSG00000110244,0.0,-1.996193289756775,0.11960318190617628,10
ENSG00000110245,0.0,-1.9866052865982056,0.1206164699110786,10
ENSG00000110274,1.0,-1.383973240852356,0.20037163786080384,10
ENSG00000110315,1.0,0.49264419078826904,0.6207291379959031,10
ENSG00000110318,0.0,0.5928863883018494,0.6440271428013281,10
ENSG00000110321,1.0,0.27565866708755493,0.568481568565181,10
ENSG00000110324,1.0,0.9759664535522461,0.7263071398190645,10
ENSG00000110328,0.0,-0.28225892782211304,0.4299000570347428,10
ENSG00000110330,1.0,1.0812528133392334,0.7467309934089114,10
ENSG00000110344,1.0,1.1552870273590088,0.7604752886841092,10
ENSG00000110367,1.0,0.6893666982650757,0.6658260308230753,10
ENSG00000110375,0.0,-2.218616008758545,0.09809117694316884,10
ENSG00000110395,1.0,0.7062472105026245,0.6695714008740004,10
ENSG00000110400,0.0,0.26423168182373047,0.5656762469254928,10
ENSG00000110422,1.0,0.6369128227233887,0.6540552669560783,10
ENSG00000110427,0.0,-1.4325915575027466,0.19269521068735557,10
ENSG00000110429,1.0,0.2625347971916199,0.5652592986909755,10
ENSG00000110435,1.0,1.2535827159881592,0.7779194302663325,10
ENSG00000110436,0.0,0.6972871422767639,0.6675860224965451,10
ENSG00000110442,1.0,-1.8827977180480957,0.13206785225547688,10
ENSG00000110446,0.0,-0.8268485069274902,0.30431184887258916,10
ENSG00000110448,0.0,-1.6247884035110474,0.16454554906710636,10
ENSG00000110455,1.0,0.4525304436683655,0.6112407008924821,10
ENSG00000110484,0.0,-1.9770861864089966,0.1216297949951833,10
ENSG00000110492,1.0,0.7074336409568787,0.6698338404909175,10
ENSG00000110497,1.0,0.6966415643692017,0.6674427436272248,10
ENSG00000110514,1.0,1.162461280822754,0.7617796546937387,10
ENSG00000110536,1.0,0.44196462631225586,0.6087270621738882,10
ENSG00000110583,1.0,-0.4655776619911194,0.3856634843710666,10
ENSG00000110619,1.0,0.822085976600647,0.6946789555462777,10
ENSG00000110628,0.0,-0.6122024059295654,0.35155696319630586,10
ENSG00000110651,1.0,0.04656553268432617,0.5116392800788019,10
ENSG00000110660,1.0,0.581450879573822,0.6414011853319973,10
ENSG00000110665,0.0,-1.9333134889602661,0.12638428038467825,10
ENSG00000110675,0.0,0.456104040145874,0.612089540223433,10
ENSG00000110680,0.0,0.7405299544334412,0.6771117318100043,10
ENSG00000110693,0.0,-1.2295247316360474,0.22626461963506203,10
ENSG00000110696,1.0,1.1593172550201416,0.7612086343874375,10
ENSG00000110697,1.0,-0.4223301410675049,0.3959593025133422,10
ENSG00000110711,1.0,0.8572909832000732,0.7020943525373672,10
ENSG00000110713,1.0,0.03858606144785881,0.5096453186614968,10
ENSG00000110717,1.0,1.3060544729232788,0.786852177477404,10
ENSG00000110719,1.0,0.03683329373598099,0.5092072825040184,10
ENSG00000110721,1.0,0.08464670926332474,0.5211490509624761,10
ENSG00000110723,1.0,-0.998877763748169,0.26916212361446085,10
ENSG00000110756,1.0,-1.614851713180542,0.1659161061911439,10
ENSG00000110768,1.0,1.2662259340286255,0.7800960055712957,10
ENSG00000110777,0.0,-0.12142838537693024,0.46968014964775445,10
ENSG00000110786,0.0,0.08344621956348419,0.5208494579249257,10
ENSG00000117983,0.0,-1.2198790311813354,0.22795773953893386,10
ENSG00000117984,1.0,0.8547519445419312,0.7015630202583684,10
ENSG00000118058,1.0,-0.004021808505058289,0.4989945492289942,10
ENSG00000118094,0.0,-0.9400173425674438,0.28089683947911775,10
ENSG00000118096,1.0,-1.913174033164978,0.12862468578092331,10
ENSG00000118113,0.0,-0.44630926847457886,0.39023862800898684,10
ENSG00000118137,0.0,-1.8463088274002075,0.13630686573235404,10
ENSG00000118363,1.0,1.3875207901000977,0.800196156440663,10
ENSG00000118369,1.0,0.7453787326812744,0.6781709154775126,10
ENSG00000120451,1.0,0.3052181601524353,0.5757176412134051,10
ENSG00000120457,0.0,-0.2974376678466797,0.4261839857408956,10
ENSG00000120458,1.0,0.28941285610198975,0.5718523843116115,10
ENSG00000120471,0.0,-1.1418343782424927,0.24198372615863603,10
ENSG00000121236,1.0,-0.9773178100585938,0.2734243128402365,10
ENSG00000121621,1.0,-0.8989843130111694,0.2892592660759199,10
ENSG00000121653,1.0,0.518082320690155,0.6266992395265469,10
ENSG00000121671,1.0,0.0797283798456192,0.5199215432815752,10
ENSG00000121680,1.0,0.05682219937443733,0.5142017288819374,10
ENSG00000121690,1.0,0.7390619516372681,0.676790696841288,10
ENSG00000121691,1.0,-1.677249789237976,0.15745998565213418,10
ENSG00000123444,1.0,0.24016344547271729,0.5597539274413946,10
ENSG00000123892,1.0,0.7310330867767334,0.6750319354114218,10
ENSG00000123901,0.0,-0.575350821018219,0.36000306982890923,10
ENSG00000124900,0.0,-1.874127984046936,0.13306480251957797,10
ENSG00000124920,1.0,0.31882262229919434,0.5790372894131709,10
ENSG00000124935,0.0,-2.0557162761688232,0.11347605642806849,10
ENSG00000124939,0.0,-2.161506414413452,0.10326087700275771,10
ENSG00000124942,1.0,-0.2675458788871765,0.4335096771050746,10
ENSG00000126391,1.0,0.700859785079956,0.6683783700154504,10
ENSG00000126432,1.0,0.9444854855537415,0.7200048135200335,10
ENSG00000126500,0.0,-0.9901114702224731,0.27089006075686195,10
ENSG00000129083,1.0,0.8992725014686584,0.7107999785130312,10
ENSG00000129084,1.0,0.12231867015361786,0.5305415971132409,10
ENSG00000129151,0.0,-1.950515866279602,0.12449711911522761,10
ENSG00000129152,0.0,-0.1480148285627365,0.4630637028144812,10
ENSG00000129158,1.0,0.31466537714004517,0.5780236163794344,10
ENSG00000129159,0.0,-0.6283974647521973,0.34787399654980383,10
ENSG00000129167,0.0,-1.3914669752120972,0.1991736658799457,10
ENSG00000129170,0.0,-1.9768213033676147,0.12165809687296211,10
ENSG00000129173,1.0,0.8945299386978149,0.7098241075514269,10
ENSG00000129744,0.0,-2.2499287128448486,0.09535561415995936,10
ENSG00000129749,0.0,-1.8421653509140015,0.13679540155065445,10
ENSG00000129757,1.0,0.2514635920524597,0.5625367079296194,10
ENSG00000129965,0.0,0.31572088599205017,0.578281046762852,10
ENSG00000130413,0.0,0.691009521484375,0.6661914621933046,10
ENSG00000130592,0.0,0.8242988586425781,0.6951481057560119,10
ENSG00000130595,0.0,-0.6464657187461853,0.3437864209062889,10
ENSG00000130598,0.0,-1.9590293169021606,0.12357213614074693,10
ENSG00000131620,0.0,-0.5027127265930176,0.3769033800758846,10
ENSG00000131626,1.0,0.3349369168281555,0.5829601176509366,10
ENSG00000131808,0.0,-1.2931510210037231,0.2153199453701474,10
ENSG00000132109,1.0,-1.663872480392456,0.15924284719086654,10
ENSG00000132254,1.0,0.7156288027763367,0.6716437243679284,10
ENSG00000132256,1.0,-0.37864983081817627,0.40645258268460044,10
ENSG00000132259,0.0,-1.7551438808441162,0.14739957820739483,10
ENSG00000132274,0.0,-1.675777554512024,0.1576554001548441,10
ENSG00000132275,1.0,-0.4544398784637451,0.38830566518998916,10
ENSG00000132286,1.0,0.6920554637908936,0.6664240188138556,10
ENSG00000132740,1.0,0.5219129323959351,0.6275949649800849,10
ENSG00000132744,0.0,-1.243099331855774,0.22389696295318368,10
ENSG00000132746,0.0,-1.8108259439468384,0.14053833256443965,10
ENSG00000132749,1.0,0.6281264424324036,0.652064517421086,10
ENSG00000133315,1.0,0.41268205642700195,0.6017308109668518,10
ENSG00000133316,1.0,-1.2367298603057861,0.22500571376975825,10
ENSG00000133317,1.0,-1.5920780897140503,0.16909172511545664,10
ENSG00000133318,1.0,0.049144621938467026,0.5122836832944172,10
ENSG00000133321,0.0,-1.7772353887557983,0.14464484337381184,10
ENSG00000133328,0.0,-1.2573288679122925,0.2214340554272343,10
ENSG00000133789,0.0,0.809632420539856,0.6920311698162195,10
ENSG00000133794,0.0,-0.1598329097032547,0.46012662208741995,10
ENSG00000133800,0.0,-1.7967966794967651,0.14224145053435103,10
ENSG00000133805,1.0,-2.023449659347534,0.11676275960838225,10
ENSG00000133808,0.0,-2.274717330932617,0.09323861864097677,10
ENSG00000133812,1.0,0.8036410808563232,0.6907528043928216,10
ENSG00000133816,1.0,0.20998670160770416,0.5523046213599266,10
ENSG00000133818,1.0,0.5272204875946045,0.6288346018459442,10
ENSG00000133884,1.0,1.3228496313095093,0.7896554202228458,10
ENSG00000133895,1.0,0.388749361038208,0.5959815972095442,10
ENSG00000134333,1.0,0.9996130466461182,0.7309824921811682,10
ENSG00000134339,0.0,-0.994560956954956,0.2700121451171918,10
ENSG00000134343,0.0,-2.0205752849578857,0.11705951828554853,10
ENSG00000134569,0.0,0.3549826145172119,0.5878253262174806,10
ENSG00000134571,0.0,-1.1361496448516846,0.24302799204363862,10
ENSG00000134574,1.0,0.35119593143463135,0.5869075591016255,10
ENSG00000134575,1.0,-1.355292558670044,0.20500645011176255,10
ENSG00000134627,1.0,-1.3940656185150146,0.19875949713996433,10
ENSG00000134640,0.0,-2.022975206375122,0.1168116984697438,10
ENSG00000134780,0.0,-0.08341021835803986,0.4791595267334581,10
ENSG00000134802,1.0,-0.05344347655773163,0.48664231006783437,10
ENSG00000134809,1.0,-1.748840093612671,0.14819355585719557,10
ENSG00000134812,0.0,-1.7582048177719116,0.1470153162858838,10
ENSG00000134817,0.0,-1.5205920934677124,0.17937434718176876,10
ENSG00000134824,1.0,0.06684917211532593,0.5167060721344422,10
ENSG00000134825,1.0,-1.512327790260315,0.180594070944054,10
ENSG00000134827,0.0,-0.7109836935997009,0.3293815163106802,10
ENSG00000134909,0.0,-1.9795533418655396,0.12136645996085317,10
ENSG00000134910,1.0,0.4274677038192749,0.6052688176467979,10
ENSG00000134917,0.0,0.5920648574829102,0.6438387795052041,10
ENSG00000134940,0.0,-1.8004662990570068,0.14179431210290339,10
ENSG00000134954,0.0,0.7897392511367798,0.6877753400037377,10
ENSG00000134955,0.0,0.4273003935813904,0.6052288434357834,10
ENSG00000135362,0.0,-0.7456547617912292,0.32176884271772044,10
ENSG00000135363,1.0,0.2941074073314667,0.5730013955649649,10
ENSG00000135365,1.0,-0.44398826360702515,0.3907910572703478,10
ENSG00000135372,1.0,1.1264389753341675,0.7551811260387541,10
ENSG00000135373,0.0,0.8706194162368774,0.7048745692846626,10
ENSG00000135374,0.0,-1.6315518617630005,0.16361788261120475,10
ENSG00000135378,0.0,-1.6430264711380005,0.16205367071764176,10
ENSG00000135387,1.0,-0.5481826663017273,0.3662861469881195,10
ENSG00000137474,0.0,-1.9562503099441528,0.12387342330955022,10
ENSG00000137478,1.0,0.6394628286361694,0.6546320221933688,10
ENSG00000137486,1.0,0.43143510818481445,0.6062163068956307,10
ENSG00000137491,0.0,-1.902116298675537,0.12986913857183507,10
ENSG00000137492,1.0,0.2576337456703186,0.5640545253694323,10
ENSG00000137494,1.0,0.9532521963119507,0.7217687504061219,10
ENSG00000137496,1.0,-2.291691303253174,0.09181342537946759,10
ENSG00000137497,1.0,-0.15803055465221405,0.46057437736780116,10
ENSG00000137500,1.0,0.4735475778579712,0.6162230760513753,10
ENSG00000137501,0.0,0.7742242813110352,0.6844339813906403,10
ENSG00000137502,0.0,-1.7768728733062744,0.14468970054669536,10
ENSG00000137504,1.0,0.33701884746551514,0.5834661840809885,10
ENSG00000137507,0.0,0.46572810411453247,0.6143721588409905,10
ENSG00000137509,1.0,-0.604795515537262,0.3532473233070824,10
ENSG00000137513,1.0,0.49674105644226074,0.6216931622771743,10
ENSG00000137522,1.0,1.3382655382156372,0.7922045651310061,10
ENSG00000137634,0.0,-1.923390507698059,0.12748395748624586,10
ENSG00000137642,0.0,0.23823724687099457,0.5592792008511411,10
ENSG00000137648,0.0,-0.7405412197113037,0.3228858052510512,10
ENSG00000137656,1.0,-0.4500875473022461,0.38933995109688335,10
ENSG00000137672,0.0,0.3022538721561432,0.5749934019308488,10
ENSG00000137673,0.0,-1.8470180034637451,0.136223397878004,10
ENSG00000137674,0.0,-1.6694921255111694,0.15849190344517566,10
ENSG00000137675,0.0,-2.308034658432007,0.09045971653299568,10
ENSG00000137691,0.0,0.036323435604572296,0.5090798605984954,10
ENSG00000137692,1.0,-0.2423221617937088,0.43971417006133234,10
ENSG00000137693,0.0,0.013299085199832916,0.503324722297667,10
ENSG00000137699,0.0,-0.8425551652908325,0.30099690970935944,10
ENSG00000137707,0.0,0.6859389543533325,0.6650629188686265,10
ENSG00000137709,0.0,-1.9426556825637817,0.12535639190751968,10
ENSG00000137710,1.0,0.34720563888549805,0.585939790014787,10
ENSG00000137713,1.0,0.5671858191490173,0.638113564356735,10
ENSG00000137714,1.0,0.8062623739242554,0.6913124674699355,10
ENSG00000137720,1.0,-1.812491536140442,0.1403372705900227,10
ENSG00000137726,0.0,-0.45478153228759766,0.3882245171762792,10
ENSG00000137727,0.0,-0.22221560776233673,0.4446735781050572,10
ENSG00000137731,0.0,-1.228474736213684,0.22644849405473047,10
ENSG00000137745,0.0,-1.4675365686416626,0.18731733218877594,10
ENSG00000137747,0.0,-1.51726496219635,0.17986462076621085,10
ENSG00000137752,0.0,-1.717025876045227,0.15225464636559713,10
ENSG00000137757,0.0,-2.416382074356079,0.08193198139505185,10
ENSG00000137760,1.0,-0.2979065775871277,0.426069317274161,10
ENSG00000141956,1.0,0.36707085371017456,0.5907510042635649,10
ENSG00000141959,1.0,0.16062712669372559,0.5400706631874893,10
ENSG00000142082,1.0,0.5881792902946472,0.6429472813851934,10
ENSG00000142089,1.0,-1.3112399578094482,0.2122794282840895,10
ENSG00000142102,1.0,-0.6468033194541931,0.3437102631092256,10
ENSG00000142149,0.0,-0.015190266072750092,0.4962025065023264,10
ENSG00000142156,0.0,-0.7487670183181763,0.3210900206931158,10
ENSG00000142166,1.0,0.9135946035385132,0.7137351662720409,10
ENSG00000142168,1.0,0.9167789220809937,0.7143853345167024,10
ENSG00000142173,0.0,-0.30506545305252075,0.4243196604983878,10
ENSG00000142178,0.0,0.14344701170921326,0.5358003851251977,10
ENSG00000142182,0.0,0.2560913562774658,0.563675219018334,10
ENSG00000142185,0.0,-1.5972574949264526,0.16836526687306497,10
ENSG00000142186,1.0,0.582925021648407,0.6417401756964352,10
ENSG00000142188,1.0,0.34373772144317627,0.585098173484754,10
ENSG00000142192,0.0,0.3333245515823364,0.5825680708955814,10
ENSG00000142197,1.0,0.0339122973382473,0.5084772619148465,10
ENSG00000142207,1.0,0.48445773124694824,0.6187999491258924,10
ENSG00000146670,1.0,0.3715117573738098,0.5918242217422145,10
ENSG00000148925,1.0,0.37932485342025757,0.5937102554737453,10
ENSG00000148926,0.0,-0.7133808135986328,0.32885223479880693,10
ENSG00000148935,0.0,-1.9466477632522583,0.12491934576025807,10
ENSG00000148942,0.0,-1.932292103767395,0.12649709588676872,10
ENSG00000148943,1.0,-0.7876134514808655,0.31268133723192576,10
ENSG00000148948,0.0,-1.3726731538772583,0.2021883015171744,10
ENSG00000148950,1.0,-1.8372958898544312,0.1373714169037324,10
ENSG00000148965,0.0,-1.9961386919021606,0.1196089310847121,10
ENSG00000148985,1.0,1.052055835723877,0.7411694806152876,10
ENSG00000149016,1.0,-0.58714359998703,0.3572905131573926,10
ENSG00000149021,0.0,-2.0170953273773193,0.11741967441218032,10
ENSG00000149043,0.0,-1.6240317821502686,0.16464958844262514,10
ENSG00000149050,0.0,-0.09225191175937653,0.4769533644454611,10
ENSG00000149054,1.0,0.3692464232444763,0.5912768751789117,10
ENSG00000149084,1.0,0.93513423204422,0.7181157479702945,10
ENSG00000149089,1.0,0.5029520988464355,0.6231528341762208,10
ENSG00000149090,0.0,-0.8158652782440186,0.306642050754084,10
ENSG00000149091,1.0,0.7923752665519714,0.6883411186895618,10
ENSG00000149100,1.0,0.40338486433029175,0.5995006377938773,10
ENSG00000149115,1.0,-0.022778280079364777,0.4943056761863763,10
ENSG00000149124,0.0,-2.0784921646118164,0.11120491137167533,10
ENSG00000149131,0.0,-0.35295259952545166,0.41266660697655905,10
ENSG00000149133,0.0,-1.4106414318084717,0.1961329054432773,10
ENSG00000149136,1.0,0.6336909532546997,0.6533259029124747,10
ENSG00000149150,1.0,-0.7276303768157959,0.32571494015504465,10
ENSG00000149177,0.0,-1.3868476152420044,0.19991149403260675,10
ENSG00000149179,1.0,-1.4233044385910034,0.1941440744938215,10
ENSG00000149182,1.0,0.23279406130313873,0.5579371022038122,10
ENSG00000149187,1.0,0.27756041288375854,0.5689480254596038,10
ENSG00000149196,1.0,1.2342278957366943,0.7745576981397875,10
ENSG00000149201,0.0,-2.089216709136963,0.11014932631256219,10
ENSG00000149212,0.0,0.5207578539848328,0.6273249608388248,10
ENSG00000149218,1.0,1.2728110551834106,0.7812235744268996,10
ENSG00000149231,1.0,0.2007642686367035,0.5500231592523306,10
ENSG00000149243,0.0,0.6419903635978699,0.6552032463277803,10
ENSG00000149256,0.0,-0.40463876724243164,0.4001983381859846,10
ENSG00000149257,1.0,-1.057297706604004,0.25782620505747306,10
ENSG00000149260,0.0,0.3194485604763031,0.5791898562357205,10
ENSG00000149262,1.0,-1.613923192024231,0.16604464219540244,10
ENSG00000149269,1.0,-0.024948209524154663,0.4937632711007834,10
ENSG00000149289,1.0,-0.6420982480049133,0.3447723817033068,10
ENSG00000149292,1.0,-0.9251528978347778,0.28390912030399973,10
ENSG00000149294,0.0,-0.19015063345432281,0.4526050615919053,10
ENSG00000149295,0.0,0.07475927472114563,0.5186811188386885,10
ENSG00000149300,0.0,-0.9772204160690308,0.2734436618939527,10
ENSG00000149305,0.0,-2.0952394008636475,0.10956038801479587,10
ENSG00000149308,1.0,0.6852890849113464,0.6649181421746411,10
ENSG00000149311,1.0,0.8652082681655884,0.703747661024493,10
ENSG00000149313,1.0,0.5936963558197021,0.6442128111924005,10
ENSG00000149328,1.0,0.0694674476981163,0.5173598813163136,10
ENSG00000149357,1.0,-0.213478222489357,0.446832208940918,10
ENSG00000149380,0.0,-0.8750330209732056,0.2942081153212076,10
ENSG00000149403,0.0,-0.274023175239563,0.4319196792401641,10
ENSG00000149418,0.0,0.24517743289470673,0.5609891490282298,10
ENSG00000149428,1.0,0.37310290336608887,0.5922085359625979,10
ENSG00000149452,0.0,-2.1188950538635254,0.10727384103054886,10
ENSG00000149476,1.0,0.3772558569908142,0.5932110788848447,10
ENSG00000149480,1.0,0.5962376594543457,0.6447950710533278,10
ENSG00000149483,1.0,1.417807936668396,0.8049945400083646,10
ENSG00000149485,1.0,0.4687601327896118,0.6150902544997001,10
ENSG00000149489,0.0,-0.8540281653404236,0.29858854119735856,10
ENSG00000149499,1.0,0.133363738656044,0.5332916058903062,10
ENSG00000149503,1.0,-0.20244677364826202,0.4495604597973683,10
ENSG00000149506,0.0,-2.109936475753784,0.10813479299322752,10
ENSG00000149507,0.0,-2.162750482559204,0.1031457355409281,10
ENSG00000149516,1.0,-2.0366427898406982,0.11540902662679249,10
ENSG00000149532,1.0,0.30259811878204346,0.5750775253681623,10
ENSG00000149534,0.0,-1.8080304861068726,0.14087632781393084,10
ENSG00000149541,1.0,0.5816687941551208,0.6414513053842857,10
ENSG00000149547,1.0,1.1825268268585205,0.7654018297558862,10
ENSG00000149548,1.0,-0.43694591522216797,0.3924689366438366,10
ENSG00000149554,1.0,1.1420477628707886,0.7580554123171441,10
ENSG00000149557,1.0,-0.2874886989593506,0.4286187859990568,10
ENSG00000149564,0.0,-0.14154575765132904,0.464672523659974,10
ENSG00000149571,0.0,0.009912505745887756,0.5024781061454064,10
ENSG00000149573,0.0,-0.024803325533866882,0.49379948649549454,10
ENSG00000149575,0.0,-2.0523436069488525,0.11381578694848235,10
ENSG00000149577,1.0,1.0433682203292847,0.739499383431321,10
ENSG00000149582,0.0,0.6227127313613892,0.650835265278065,10
ENSG00000149591,0.0,-1.6412255764007568,0.1622983671749361,10
ENSG00000149716,1.0,0.035024210810661316,0.5087551577283618,10
ENSG00000149735,0.0,-1.6994589567184448,0.1545359416566713,10
ENSG00000149742,0.0,-2.1753063201904297,0.10199001050009308,10
ENSG00000149743,1.0,0.514921247959137,0.6259594194014856,10
ENSG00000149761,1.0,-0.6070356369018555,0.3527357054046296,10
ENSG00000149781,1.0,-1.8795579671859741,0.13243965459244117,10
ENSG00000149782,1.0,-0.3018800616264343,0.4250979509471577,10
ENSG00000149798,0.0,0.34783756732940674,0.586093096594183,10
ENSG00000149806,1.0,0.7764441967010498,0.68491325140937,10
ENSG00000149809,1.0,-0.20604081451892853,0.4486712555024678,10
ENSG00000149823,1.0,1.1807297468185425,0.7650789888140287,10
ENSG00000149968,0.0,-2.180682420730591,0.10149867645572856,10
ENSG00000149972,0.0,0.23803164064884186,0.5592285211832169,10
ENSG00000150244,0.0,-2.151681900024414,0.10417416047931728,10
ENSG00000150261,0.0,-2.3525285720825195,0.08686499781235027,10
ENSG00000150269,0.0,-0.5779087543487549,0.3594139310843721,10
ENSG00000150433,1.0,-0.7366924285888672,0.32372784157336915,10
ENSG00000150455,0.0,0.07297516614198685,0.5182356995923125,10
ENSG00000150672,0.0,-1.7425192594528198,0.14899322439112603,10
ENSG00000150676,0.0,0.21841152012348175,0.5543868477309057,10
ENSG00000150687,0.0,-0.3980117440223694,0.4017901333449378,10
ENSG00000150750,0.0,-1.740984320640564,0.1491879506718193,10
ENSG00000150764,1.0,0.02901437133550644,0.507253084016776,10
ENSG00000150768,1.0,0.5253897309303284,0.6284071995384488,10
ENSG00000150773,0.0,-0.3616909980773926,0.4105502847129366,10
ENSG00000150776,1.0,-0.5851205587387085,0.35775520621792944,10
ENSG00000150779,1.0,-0.20626763999462128,0.4486151473905071,10
ENSG00000150782,0.0,-1.85495126247406,0.13529260946790947,10
ENSG00000150783,0.0,0.22932998836040497,0.5570825411943999,10
ENSG00000150787,1.0,-1.2996474504470825,0.21422435644897161,10
ENSG00000151116,1.0,0.2110624462366104,0.5525705995323074,10
ENSG00000151117,0.0,0.7624227404594421,0.6818795056975024,10
ENSG00000151348,1.0,-0.3760179281234741,0.40708768226364445,10
ENSG00000151364,0.0,-1.7504125833511353,0.1479951667694766,10
ENSG00000151365,0.0,-1.4487055540084839,0.1902008624553158,10
ENSG00000151366,1.0,-1.7831774950027466,0.1439112211146494,10
ENSG00000151376,0.0,-0.2340671569108963,0.44174892050542586,10
ENSG00000151498,1.0,1.1165194511413574,0.7533425397933872,10
ENSG00000151500,1.0,0.2849411964416504,0.5707572054696946,10
ENSG00000151502,1.0,0.702650249004364,0.6687751043489513,10
ENSG00000151503,1.0,0.5833085179328918,0.6418283404273809,10
ENSG00000151702,0.0,-0.007493592798709869,0.4981266105668298,10
ENSG00000151704,0.0,-2.052882671356201,0.11376142728487064,10
ENSG00000151715,0.0,-1.4992889165878296,0.18253160332502072,10
ENSG00000152219,1.0,-1.3623992204666138,0.2038506427822558,10
ENSG00000152266,0.0,-0.9628461599349976,0.2763087082707787,10
ENSG00000152270,1.0,-0.06322552263736725,0.48419888269337175,10
ENSG00000152402,0.0,0.38921576738357544,0.5960938970135228,10
ENSG00000152404,1.0,-2.2997636795043945,0.09114253486722565,10
ENSG00000152558,1.0,0.6718614101409912,0.6619198346913042,10
ENSG00000152578,0.0,0.4443979263305664,0.6093064681653579,10
ENSG00000154096,0.0,0.0962093397974968,0.5240337992634021,10
ENSG00000154114,0.0,-0.9213138818740845,0.28469025746746424,10
ENSG00000154127,0.0,-0.5882232189178467,0.3570426341565365,10
ENSG00000154133,0.0,-1.9635413885116577,0.1230842988799795,10
ENSG00000154134,0.0,0.08322590589523315,0.5207944750258543,10
ENSG00000154143,0.0,-2.017392873764038,0.11738884250740193,10
ENSG00000154144,1.0,-0.2705668807029724,0.43276793194502966,10
ENSG00000154146,1.0,0.9881306886672974,0.7287185402850473,10
ENSG00000154639,0.0,0.5040008425712585,0.6233990823823369,10
ENSG00000154640,1.0,1.135302186012268,0.7568160709133178,10
ENSG00000154642,1.0,0.8819677829742432,0.7072298280521043,10
ENSG00000154645,0.0,-1.905394196510315,0.12949917499613786,10
ENSG00000154646,0.0,-2.1469056606292725,0.10462073165749584,10
ENSG00000154654,1.0,-0.24983520805835724,0.4378640604431078,10
ENSG00000154721,0.0,-1.1877578496932983,0.23366018237741484,10
ENSG00000154723,1.0,0.6721618175506592,0.6619870571820448,10
ENSG00000154727,1.0,1.2034410238265991,0.7691363568106022,10
ENSG00000154734,0.0,-0.4721102714538574,0.38411689242989716,10
ENSG00000154736,0.0,-0.06829269230365753,0.48293345945012156,10
ENSG00000155304,1.0,-1.7377020120620728,0.14960505698595936,10
ENSG00000155307,1.0,-1.6430437564849854,0.1620513235147009,10
ENSG00000155313,1.0,0.19755883514881134,0.5492296953400383,10
ENSG00000156239,1.0,0.256926953792572,0.5638807194929877,10
ENSG00000156253,1.0,-0.7858020067214966,0.3130707699730932,10
ENSG00000156256,1.0,1.2442561388015747,0.7763039878443353,10
ENSG00000156261,1.0,0.29025161266326904,0.57205773076122,10
ENSG00000156265,0.0,-2.253636121749878,0.0950362816611359,10
ENSG00000156273,1.0,0.9868566989898682,0.7284666146578379,10
ENSG00000156282,0.0,0.1670350283384323,0.5416619356656239,10
ENSG00000156284,0.0,-0.7239413261413574,0.32652566720340487,10
ENSG00000156299,0.0,-1.1384838819503784,0.24259883083230632,10
ENSG00000156304,1.0,0.7090265154838562,0.6701860196457026,10
ENSG00000156575,0.0,-1.132053017616272,0.24378242280706403,10
ENSG00000156587,1.0,0.06795385479927063,0.5169819293774208,10
ENSG00000156599,1.0,1.1157974004745483,0.753208345560263,10
ENSG00000156603,1.0,0.7824639081954956,0.6862108994640274,10
ENSG00000156689,0.0,-1.891852855682373,0.1310333523282207,10
ENSG00000156738,0.0,-1.8671752214431763,0.1338689114215432,10
ENSG00000157538,1.0,0.9336883425712585,0.7178229707586504,10
ENSG00000157540,1.0,-0.06516432762145996,0.48371468050442734,10
ENSG00000157542,0.0,-0.751776933670044,0.3204342392115327,10
ENSG00000157551,0.0,-1.8607629537582397,0.1346141482634414,10
ENSG00000157554,0.0,-1.9954551458358765,0.11968092900414609,10
ENSG00000157557,1.0,-0.9182510375976562,0.28531439143159054,10
ENSG00000157570,0.0,-0.1351023018360138,0.4662757053710297,10
ENSG00000157578,0.0,-0.2511301040649414,0.43754536155997126,10
ENSG00000157601,0.0,-0.9987696409225464,0.26918339340529485,10
ENSG00000157613,0.0,0.47920483350753784,0.6175600902090617,10
ENSG00000157617,1.0,0.25491949915885925,0.5633869845980811,10
ENSG00000158077,0.0,0.8581824898719788,0.7022807845748147,10
ENSG00000158483,1.0,0.546587347984314,0.6333434678274659,10
ENSG00000158555,1.0,-0.01590540260076523,0.49602373317639403,10
ENSG00000158636,1.0,1.3572005033493042,0.7953043294223213,10
ENSG00000159055,1.0,0.9224847555160522,0.715548121126169,10
ENSG00000159063,1.0,-0.838362991809845,0.30187966881523787,10
ENSG00000159079,1.0,-0.5291974544525146,0.37070408848320663,10
ENSG00000159082,1.0,-0.16631470620632172,0.45851689995124423,10
ENSG00000159086,1.0,0.28501781821250916,0.5707759771974399,10
ENSG00000159110,1.0,0.34244823455810547,0.5847851055290416,10
ENSG00000159128,1.0,-0.7412810921669006,0.32272406772203555,10
ENSG00000159131,1.0,-0.9509055614471436,0.2787027427257343,10
ENSG00000159140,1.0,1.0197880268096924,0.7349313076021858,10
ENSG00000159147,1.0,0.13463711738586426,0.5336085257696593,10
ENSG00000159197,0.0,-1.711781620979309,0.15293277411002565,10
ENSG00000159200,1.0,-1.7269150018692017,0.15098261032476262,10
ENSG00000159212,0.0,-1.2707258462905884,0.21913302449256186,10
ENSG00000159216,1.0,0.4725775718688965,0.6159936513576296,10
ENSG00000159228,1.0,0.2788616418838501,0.5692671182147667,10
ENSG00000159231,0.0,0.5872410535812378,0.6427318651902444,10
ENSG00000159256,1.0,1.3613446950912476,0.7959781589844604,10
ENSG00000159259,1.0,0.6720116138458252,0.6619534467543019,10
ENSG00000159261,0.0,-1.1979528665542603,0.23183959033149615,10
ENSG00000159263,0.0,-0.15018625557422638,0.4625238520284431,10
ENSG00000159267,1.0,0.38794589042663574,0.5957881165926425,10
ENSG00000160179,0.0,0.16711179912090302,0.5416809950479291,10
ENSG00000160180,0.0,-0.34674495458602905,0.4141719830314744,10
ENSG00000160181,0.0,-1.7596741914749146,0.14683114971361055,10
ENSG00000160182,0.0,-1.2079987525939941,0.2300553401530165,10
ENSG00000160183,0.0,-1.5636543035507202,0.17312290344904302,10
ENSG00000160185,0.0,-2.035194158554077,0.11555699949510356,10
ENSG00000160188,0.0,-0.8197811841964722,0.30581011038769945,10
ENSG00000160190,1.0,0.38058406114578247,0.5940139636535765,10
ENSG00000160191,0.0,-1.5920151472091675,0.16910056870355983,10
ENSG00000160193,1.0,0.8135927319526672,0.6928745648368941,10
ENSG00000160194,1.0,0.8773720264434814,0.7062773445668219,10
ENSG00000160199,1.0,0.5864149332046509,0.6425421427786655,10
ENSG00000160200,1.0,0.03514433279633522,0.5087851789854864,10
ENSG00000160201,1.0,0.9470108151435852,0.7205136316548089,10
ENSG00000160202,0.0,-1.5481444597244263,0.17535442741938254,10
ENSG00000160207,0.0,0.01454782485961914,0.5036368920727179,10
ENSG00000160208,1.0,0.9493519067764282,0.7209848225644768,10
ENSG00000160209,1.0,0.247858926653862,0.5616494397983016,10
ENSG00000160213,1.0,0.5932896733283997,0.6441195930156975,10
ENSG00000160214,1.0,0.7879376411437988,0.6873883306943621,10
ENSG00000160216,1.0,-0.05644163489341736,0.48589333599525597,10
ENSG00000160218,1.0,0.7159867286682129,0.6717226559327927,10
ENSG00000160221,1.0,1.373566746711731,0.7979558039682723,10
ENSG00000160223,0.0,0.2609119117259979,0.5648604466761225,10
ENSG00000160224,0.0,-1.3101989030838013,0.21245356234267515,10
ENSG00000160226,0.0,0.32728034257888794,0.5810974955305632,10
ENSG00000160233,0.0,0.2584431767463684,0.5642535517272013,10
ENSG00000160255,0.0,-1.5017141103744507,0.1821700094793047,10
ENSG00000160256,1.0,0.8021039962768555,0.6904243663450707,10
ENSG00000160282,0.0,-0.9917310476303101,0.2705702989536846,10
ENSG00000160284,1.0,-0.7284043431282043,0.3255449809564168,10
ENSG00000160285,1.0,0.46474510431289673,0.6141392413342129,10
ENSG00000160294,1.0,0.6593754291534424,0.6591200733218344,10
ENSG00000160298,1.0,0.9415031671524048,0.7194031901529322,10
ENSG00000160299,1.0,1.2657772302627563,0.7800190224589666,10
ENSG00000160305,1.0,0.42190682888031006,0.603939447110821,10
ENSG00000160307,0.0,-1.5018911361694336,0.18214363693496774,10
ENSG00000160310,1.0,0.6237668991088867,0.6510747854450005,10
ENSG00000160584,1.0,0.5361869931221008,0.6309249701986026,10
ENSG00000160588,1.0,-0.6911709308624268,0.3337726444878915,10
ENSG00000160593,0.0,-2.1850993633270264,0.10109657430517385,10
ENSG00000160613,1.0,-0.2239818125963211,0.44423747600075053,10
ENSG00000160654,0.0,-0.22192950546741486,0.4447442290338079,10
ENSG00000160683,0.0,-2.266434907913208,0.09394122060304345,10
ENSG00000160703,0.0,-0.4312164783477783,0.39383588521462803,10
ENSG00000161328,1.0,0.08933298289775848,0.5223184052485551,10
ENSG00000162105,0.0,-1.0934665203094482,0.25096607223151685,10
ENSG00000162129,1.0,-0.0802411437034607,0.4799504705636619,10
ENSG00000162139,1.0,-1.637387752532959,0.16282082500947095,10
ENSG00000162144,1.0,0.462951123714447,0.6137140307911907,10
ENSG00000162148,0.0,-2.1007673740386963,0.10902225887249095,10
ENSG00000162174,1.0,1.0161292552947998,0.7342179398860971,10
ENSG00000162188,0.0,-1.6853163242340088,0.1563927825766428,10
ENSG00000162191,1.0,-1.019278883934021,0.26516788900003574,10
ENSG00000162194,1.0,0.1404074728488922,0.5350443143975238,10
ENSG00000162222,1.0,0.8438822031021118,0.6992822223314683,10
ENSG00000162227,1.0,0.9315717220306396,0.7173940449981009,10
ENSG00000162231,1.0,0.6898216009140015,0.6659272398118913,10
ENSG00000162236,1.0,0.7373212575912476,0.6764098115191001,10
ENSG00000162241,0.0,-0.21307559311389923,0.44693173025552446,10
ENSG00000162298,1.0,-0.10757704079151154,0.4731316466896598,10
ENSG00000162300,1.0,0.7967540621757507,0.6892797157388649,10
ENSG00000162337,1.0,-0.08818505704402924,0.47796801172665304,10
ENSG00000162341,1.0,0.9843104481697083,0.7279626656999961,10
ENSG00000162344,0.0,-0.3315868377685547,0.4178545712518972,10
ENSG00000165323,0.0,-1.972951054573059,0.12207226755703775,10
ENSG00000165325,0.0,-0.12150536477565765,0.4696609756094818,10
ENSG00000165434,0.0,0.7931472063064575,0.6885066970088768,10
ENSG00000165457,0.0,-1.833328127861023,0.13784227559137838,10
ENSG00000165458,1.0,-0.271027147769928,0.43265494915313607,10
ENSG00000165462,0.0,0.21865379810333252,0.5544466997958083,10
ENSG00000165478,0.0,-0.7429372072219849,0.3223621916079618,10
ENSG00000165490,1.0,1.0442694425582886,0.7396729574460343,10
ENSG00000165494,1.0,1.3144245147705078,0.7882525954485482,10
ENSG00000165495,0.0,-0.600680947303772,0.35418791921892473,10
ENSG00000165526,1.0,0.19609946012496948,0.5488683625755738,10
ENSG00000165895,1.0,0.18473541736602783,0.5460529573334563,10
ENSG00000165905,1.0,-0.5036431550979614,0.3766848965653241,10
ENSG00000165912,1.0,-0.19936178624629974,0.45032397618743986,10
ENSG00000165915,1.0,0.7394522428512573,0.676876065220726,10
ENSG00000165916,1.0,-0.14761340618133545,0.4631635122318104,10
ENSG00000165917,0.0,-1.8610409498214722,0.13458176690756005,10
ENSG00000165923,0.0,0.7016083002090454,0.668544256524045,10
ENSG00000165970,0.0,-2.1358954906463623,0.10565661082632118,10
ENSG00000165973,0.0,0.4231075048446655,0.6042266088372005,10
ENSG00000166002,1.0,0.4909510612487793,0.6203304524624621,10
ENSG00000166004,1.0,0.7470453977584839,0.6785345656015342,10
ENSG00000166012,1.0,-0.5085690021514893,0.37552904469810505,10
ENSG00000166016,0.0,-0.07701309025287628,0.4807562377519858,10
ENSG00000166025,1.0,-0.9998307228088379,0.2689747045875284,10
ENSG00000166037,1.0,1.3437973260879517,0.7931137167621684,10
ENSG00000166086,0.0,-0.12024848163127899,0.4699740513866216,10
ENSG00000166105,0.0,-0.27474814653396606,0.43174180539480067,10
ENSG00000166106,0.0,-0.11280812323093414,0.4718278386663107,10
ENSG00000166118,0.0,-2.0511481761932373,0.11393641586554533,10
ENSG00000166181,1.0,0.5027248859405518,0.6230994755088329,10
ENSG00000166199,1.0,0.6342620849609375,0.6534552478692532,10
ENSG00000166250,0.0,0.2778518795967102,0.5690195051176099,10
ENSG00000166257,0.0,0.21656256914138794,0.5539300332450002,10
ENSG00000166261,1.0,-1.546350359916687,0.1756140148007067,10
ENSG00000166265,0.0,-1.6317991018295288,0.16358405134606332,10
ENSG00000166266,1.0,0.06593365967273712,0.5164774460559889,10
ENSG00000166311,1.0,-0.48634451627731323,0.3807550834924572,10
ENSG00000166313,0.0,0.3516835570335388,0.587025777490104,10
ENSG00000166323,0.0,0.3757765293121338,0.5928540506501613,10
ENSG00000166326,1.0,0.9472642540931702,0.7205646647511594,10
ENSG00000166333,1.0,0.3584519624710083,0.588665646240715,10
ENSG00000166337,1.0,0.3906293511390686,0.5964341935861807,10
ENSG00000166340,1.0,-2.051678419113159,0.11388289619694449,10
ENSG00000166341,0.0,-0.37839192152023315,0.40651480451492045,10
ENSG00000166349,0.0,-1.957840085029602,0.12370099007386666,10
ENSG00000166351,0.0,-1.0849019289016724,0.252579493495826,10
ENSG00000166352,1.0,0.649232804775238,0.6568375561635025,10
ENSG00000166363,0.0,-1.7198474407196045,0.15189081529879386,10
ENSG00000166368,0.0,-2.1639935970306396,0.1030307958510335,10
ENSG00000166387,0.0,0.2999553084373474,0.5744315915513601,10
ENSG00000166391,0.0,-1.769296407699585,0.14562984932960085,10
ENSG00000166394,0.0,0.27814584970474243,0.5690915957983251,10
ENSG00000166402,0.0,0.2738579511642456,0.5680397800871124,10
ENSG00000166405,0.0,0.6263699531555176,0.6516659051212348,10
ENSG00000166407,0.0,-0.7294319868087769,0.3253193863769308,10
ENSG00000166435,1.0,-0.08793357014656067,0.4780307617244924,10
ENSG00000166436,1.0,-0.8428300619125366,0.30093907523737234,10
ENSG00000166439,1.0,0.5124403834342957,0.6253783828403724,10
ENSG00000166444,0.0,0.1481480598449707,0.5369694230769008,10
ENSG00000166452,1.0,0.3105964660644531,0.577030845051724,10
ENSG00000166471,1.0,-0.02719835937023163,0.49320082929324505,10
ENSG00000166478,1.0,0.9653027653694153,0.7241822499323008,10
ENSG00000166483,1.0,-0.14331549406051636,0.46423232587903945,10
ENSG00000166575,1.0,-1.2490321397781372,0.22286772502781346,10
ENSG00000166670,0.0,-2.0929486751556396,0.10978406409098401,10
ENSG00000166682,0.0,-1.4873325824737549,0.1843224297873678,10
ENSG00000166689,0.0,0.15958786010742188,0.5398125045201222,10
ENSG00000166736,0.0,-2.132153034210205,0.10601077011245132,10
ENSG00000166741,1.0,-2.0780036449432373,0.11125320503550648,10
ENSG00000166788,1.0,0.5664872527122498,0.6379522325925047,10
ENSG00000166793,0.0,-0.8700363039970398,0.29524674795142963,10
ENSG00000166796,0.0,-1.3444548845291138,0.20677840898455954,10
ENSG00000166800,0.0,0.7564701437950134,0.6805868736912009,10
ENSG00000166801,1.0,-1.999838948249817,0.11921983245985217,10
ENSG00000166833,0.0,-0.3310309052467346,0.4179898091936228,10
ENSG00000166840,0.0,-2.2747714519500732,0.09323404307061732,10
ENSG00000166884,0.0,-1.274985909461975,0.21840494140243544,10
ENSG00000166889,1.0,0.4251338243484497,0.6047110739444442,10
ENSG00000166900,1.0,0.42938852310180664,0.6057276439456728,10
ENSG00000166926,0.0,-1.7739170789718628,0.14505587796771227,10
ENSG00000166927,0.0,-1.6272600889205933,0.1642060473708536,10
ENSG00000166928,0.0,-1.6272600889205933,0.1642060473708536,10
ENSG00000166930,0.0,-2.0184245109558105,0.11728199809952278,10
ENSG00000166959,0.0,-1.8282063007354736,0.13845209247928428,10
ENSG00000166961,0.0,-1.5875293016433716,0.16973179088023843,10
ENSG00000166979,0.0,0.014064349234104156,0.5035160293510988,10
ENSG00000167244,0.0,0.2639598846435547,0.5656094688004718,10
ENSG00000167257,1.0,1.0942268371582031,0.7491768266644905,10
ENSG00000167283,1.0,1.1629352569580078,0.7618656571398794,10
ENSG00000167286,1.0,-1.6330536603927612,0.16341246967608322,10
ENSG00000167311,0.0,0.12593135237693787,0.5314412975494175,10
ENSG00000167323,1.0,-0.10687625408172607,0.47330634074544936,10
ENSG00000167325,1.0,1.4063812494277954,0.8031945441822875,10
ENSG00000167332,0.0,-1.3034205436706543,0.21358990791011925,10
ENSG00000167333,1.0,0.24474188685417175,0.56088187976062,10
ENSG00000167346,0.0,-1.2604292631149292,0.22090000581636704,10
ENSG00000167359,1.0,-1.879801630973816,0.13241166027858917,10
ENSG00000167360,0.0,-2.2305781841278076,0.09703796776304038,10
ENSG00000167770,1.0,1.3800568580627441,0.7990001317482479,10
ENSG00000167771,1.0,-0.25281667709350586,0.43713034073330553,10
ENSG00000167791,0.0,-0.5955327153205872,0.3553664018697455,10
ENSG00000167792,1.0,1.0714694261550903,0.7448762595995365,10
ENSG00000167797,1.0,0.7205028533935547,0.6727177392007301,10
ENSG00000167799,1.0,0.7196173667907715,0.6725227530622225,10
ENSG00000167800,0.0,-0.2119649201631546,0.4472062867247709,10
ENSG00000167822,0.0,-1.7727770805358887,0.14519731171164865,10
ENSG00000167825,0.0,-2.118300676345825,0.10733077557384076,10
ENSG00000167985,1.0,0.7590905427932739,0.681156248227806,10
ENSG00000167986,1.0,0.5772690773010254,0.6404387792734104,10
ENSG00000167987,1.0,0.41585445404052734,0.602490832806707,10
ENSG00000167992,0.0,-0.03993922472000122,0.490016520873351,10
ENSG00000167994,1.0,0.16880202293395996,0.5421005849062371,10
ENSG00000167995,0.0,-1.4662948846817017,0.18750642657048822,10
ENSG00000167996,1.0,0.789631724357605,0.6877522491916336,10
ENSG00000168000,1.0,0.590611457824707,0.643505430210478,10
ENSG00000168002,1.0,0.953657865524292,0.7218502090085455,10
ENSG00000168003,1.0,-0.16281217336654663,0.45938663131527585,10
ENSG00000168004,0.0,0.05797863006591797,0.5144905985389481,10
ENSG00000168005,1.0,0.1428225040435791,0.5356450551522551,10
ENSG00000168010,1.0,0.3684200048446655,0.5910771408021908,10
ENSG00000168014,1.0,0.7197816967964172,0.672558943402758,10
ENSG00000168040,1.0,0.9863841533660889,0.7283731336224314,10
ENSG00000168056,1.0,0.3644089698791504,0.5901073007831797,10
ENSG00000168060,0.0,-1.2316458225250244,0.2258934981170596,10
ENSG00000168061,1.0,0.5571283102035522,0.635787826663266,10
ENSG00000168062,1.0,-1.1694327592849731,0.23695753100286168,10
ENSG00000168065,0.0,-0.4532763957977295,0.3885820565708258,10
ENSG00000168066,1.0,-0.4228631258010864,0.3958318326769531,10
ENSG00000168067,1.0,0.38084256649017334,0.5940763036423783,10
ENSG00000168070,0.0,0.6637622714042664,0.6601050234492736,10
ENSG00000168071,0.0,-2.2002601623535156,0.09972712888736497,10
ENSG00000168092,1.0,1.0555673837661743,0.7418425557416968,10
ENSG00000168439,1.0,1.269290566444397,0.7806212803989401,10
ENSG00000168496,1.0,1.0940359830856323,0.7491409613967025,10
ENSG00000168515,0.0,-1.9431508779525757,0.12530210768406122,10
ENSG00000168539,0.0,-1.33637535572052,0.2081067619402619,10
ENSG00000168569,1.0,0.32837608456611633,0.5813642008206933,10
ENSG00000168876,1.0,1.099168300628662,0.7501042377505591,10
ENSG00000168930,0.0,-2.1095192432403564,0.1081750381686938,10
ENSG00000168959,0.0,-0.981735110282898,0.272547635553168,10
ENSG00000169519,1.0,-0.7106437683105469,0.3294566065354044,10
ENSG00000169550,0.0,-1.213627576828003,0.22905982247716553,10
ENSG00000170145,1.0,-0.06617195904254913,0.4834630440352724,10
ENSG00000170209,0.0,-0.8011080622673035,0.30978854351746415,10
ENSG00000170242,1.0,1.2010948657989502,0.7687194967730242,10
ENSG00000170255,0.0,-1.9657427072525024,0.12284689759339319,10
ENSG00000170262,0.0,-1.6641901731491089,0.15920031763947456,10
ENSG00000170276,0.0,-1.486035943031311,0.18451745630945715,10
ENSG00000170290,0.0,-2.0649077892303467,0.11255467709790737,10
ENSG00000170322,1.0,0.06380755454301834,0.5159464786230897,10
ENSG00000170325,1.0,0.38859379291534424,0.5959441377857704,10
ENSG00000170647,0.0,-0.49055153131484985,0.3797636495829496,10
ENSG00000170683,0.0,-1.5319640636444092,0.17770650155607723,10
ENSG00000170743,0.0,0.10278157889842987,0.5256727979697454,10
ENSG00000170748,0.0,-0.07549905776977539,0.4811341961325156,10
ENSG00000170782,0.0,-2.2149782180786133,0.09841348060261713,10
ENSG00000170790,0.0,-1.5720206499099731,0.17192852287747712,10
ENSG00000170903,1.0,-1.0954748392105103,0.2505887330704259,10
ENSG00000170946,1.0,1.12028968334198,0.7540424457808115,10
ENSG00000170953,0.0,-2.0429890155792236,0.11476272142398837,10
ENSG00000170955,0.0,0.6361862421035767,0.6538908473605017,10
ENSG00000170959,0.0,0.06511679291725159,0.5162734484170897,10
ENSG00000170962,0.0,-1.738654375076294,0.14948393456867032,10
ENSG00000170967,0.0,-2.274482488632202,0.09325847532193017,10
ENSG00000171014,0.0,-1.9209741353988647,0.1277529769454834,10
ENSG00000171053,0.0,-2.2014691829681396,0.09961863356575251,10
ENSG00000171067,1.0,0.705678403377533,0.6694455426983922,10
ENSG00000171189,0.0,-1.6902207136154175,0.15574681634146997,10
ENSG00000171202,1.0,-0.6582793593406677,0.34112623545628373,10
ENSG00000171204,1.0,-1.092325210571289,0.25118067900934843,10
ENSG00000171219,1.0,0.3453795313835144,0.5854966807092576,10
ENSG00000171533,0.0,0.01448870450258255,0.5036221127622692,10
ENSG00000171561,1.0,-1.499484658241272,0.18250239778072067,10
ENSG00000171587,0.0,0.349864661693573,0.5865847593458916,10
ENSG00000171631,0.0,-1.3031189441680908,0.2136405717311392,10
ENSG00000171714,0.0,-0.08761784434318542,0.47810954133686967,10
ENSG00000171944,0.0,-2.0885202884674072,0.11021760553090125,10
ENSG00000171987,0.0,-2.151273488998413,0.1042122803361042,10
ENSG00000172154,0.0,-1.203065276145935,0.23093036980692222,10
ENSG00000172188,0.0,-2.072690725326538,0.11177961089059206,10
ENSG00000172199,0.0,-2.1172001361846924,0.1074362648717301,10
ENSG00000172208,0.0,-1.0485695600509644,0.2594998791413253,10
ENSG00000172247,0.0,-0.22624830901622772,0.44367797042659396,10
ENSG00000172269,1.0,0.1805197298526764,0.5450077750319907,10
ENSG00000172273,1.0,0.9062550663948059,0.7122332226334437,10
ENSG00000172289,0.0,-1.7446963787078857,0.14871738909998145,10
ENSG00000172320,0.0,-1.5631457567214966,0.17319571472319448,10
ENSG00000172324,0.0,-1.8578763008117676,0.13495077846716647,10
ENSG00000172350,0.0,0.06233464181423187,0.515578616414379,10
ENSG00000172362,0.0,-1.8823915719985962,0.13211441408329652,10
ENSG00000172365,0.0,-1.830933690071106,0.1381270816843365,10
ENSG00000172367,0.0,-2.3725316524505615,0.08529142054770604,10
ENSG00000172375,1.0,-0.5765165090560913,0.35973453815585354,10
ENSG00000172377,0.0,-1.0417958498001099,0.26080363214641744,10
ENSG00000172409,1.0,1.2496479749679565,0.7772389180080744,10
ENSG00000172425,0.0,-1.925009846687317,0.12730394412753654,10
ENSG00000172457,0.0,-2.109691858291626,0.10815838656872334,10
ENSG00000172459,0.0,-1.6439398527145386,0.16192967883388615,10
ENSG00000172464,0.0,-2.1531050205230713,0.10404142695590819,10
ENSG00000172487,0.0,-1.7964627742767334,0.14228219478315926,10
ENSG00000172489,0.0,-1.841917634010315,0.13682465519389053,10
ENSG00000172500,1.0,-0.0358375683426857,0.4910415666935003,10
ENSG00000172508,0.0,0.4090839624404907,0.6008682098997287,10
ENSG00000172531,1.0,0.49064701795578003,0.6202588413896906,10
ENSG00000172543,0.0,-1.4124747514724731,0.1958440165023262,10
ENSG00000172613,1.0,-0.4356827139854431,0.39277017152375737,10
ENSG00000172638,0.0,-0.14210145175457,0.4645342963745345,10
ENSG00000172663,1.0,0.8456488847732544,0.6996536009588481,10
ENSG00000172689,0.0,-1.5281400680541992,0.17826597902621488,10
ENSG00000172725,1.0,0.23501013219356537,0.5584836108325598,10
ENSG00000172732,1.0,-1.1840378046035767,0.23432696506583717,10
ENSG00000172742,0.0,-1.7537120580673218,0.14757961044952433,10
ENSG00000172757,1.0,0.757068932056427,0.6807170292239053,10
ENSG00000172769,0.0,-1.564794898033142,0.17295968666389452,10
ENSG00000172772,0.0,-1.5940896272659302,0.16880929275742845,10
ENSG00000172803,0.0,-0.07731536030769348,0.4806807826151321,10
ENSG00000172818,0.0,-0.32396256923675537,0.4197103440795123,10
ENSG00000172830,0.0,-0.5548907518386841,0.3647304633372268,10
ENSG00000172890,1.0,0.7786158323287964,0.6853817174702386,10
ENSG00000172893,1.0,0.11035554111003876,0.5275609204189542,10
ENSG00000172922,1.0,-0.9339123964309692,0.28213164864047974,10
ENSG00000172927,1.0,-1.564576268196106,0.17299096272493314,10
ENSG00000172932,1.0,0.8042457103729248,0.6908819464415196,10
ENSG00000172935,0.0,-0.49143898487091064,0.3795546382308225,10
ENSG00000172938,0.0,-1.1838740110397339,0.23435635383182557,10
ENSG00000172977,1.0,1.2956583499908447,0.7851033836933512,10
ENSG00000173020,1.0,1.2298023700714111,0.7737839825378957,10
ENSG00000173039,1.0,0.26027506589889526,0.5647039078910384,10
ENSG00000173113,1.0,0.262669175863266,0.5652923207805809,10
ENSG00000173120,1.0,0.722569465637207,0.6731725797761808,10
ENSG00000173153,1.0,0.6587843298912048,0.6589872521766499,10
ENSG00000173156,0.0,-0.29705125093460083,0.4262784871532735,10
ENSG00000173227,0.0,-1.1605509519577026,0.23856718872932214,10
ENSG00000173237,0.0,-1.611944556236267,0.16631881252509112,10
ENSG00000173264,1.0,0.12340311706066132,0.5308116883075987,10
ENSG00000173276,1.0,-0.2681151032447815,0.4333698928298363,10
ENSG00000173327,1.0,0.5355361700057983,0.6307734074957776,10
ENSG00000173338,0.0,-0.7454960346221924,0.32180348330781344,10
ENSG00000173432,0.0,-1.3482695817947388,0.20615341799094677,10
ENSG00000173442,1.0,-0.7173331379890442,0.32798051423246743,10
ENSG00000173456,1.0,1.0182100534439087,0.7346237929651814,10
ENSG00000173457,1.0,-0.20598576962947845,0.4486848717398297,10
ENSG00000173465,1.0,1.0049993991851807,0.7320403839874593,10
ENSG00000173486,1.0,1.2487012147903442,0.7770749542683522,10
ENSG00000173511,1.0,0.1291872262954712,0.5322519637148446,10
ENSG00000173599,1.0,-0.14415600895881653,0.4640232787444036,10
ENSG00000173621,1.0,-0.016128644347190857,0.4959679263191651,10
ENSG00000173638,1.0,-0.06309477984905243,0.4842315358146155,10
ENSG00000173653,1.0,0.41852879524230957,0.6031311499458448,10
ENSG00000173715,1.0,0.5972412824630737,0.6450249018160901,10
ENSG00000173825,0.0,0.450908362865448,0.6108551836414166,10
ENSG00000173898,1.0,-1.0361809730529785,0.2618875496246253,10
ENSG00000173914,1.0,0.9063437581062317,0.712251400283618,10
ENSG00000173933,1.0,1.0870376825332642,0.7478234875803818,10
ENSG00000173992,1.0,-0.5313270092010498,0.37020743742128515,10
ENSG00000174080,1.0,0.569157600402832,0.6385687731251491,10
ENSG00000174165,1.0,0.5311873555183411,0.6297600011890858,10
ENSG00000174276,1.0,0.1749294251203537,0.5436211778614644,10
ENSG00000174370,0.0,0.5117801427841187,0.6252236886885016,10
ENSG00000174483,1.0,1.038672924041748,0.738593864730796,10
ENSG00000174516,0.0,0.6106882095336914,0.648097775990865,10
ENSG00000174576,0.0,-1.627396583557129,0.16418731537502315,10
ENSG00000174669,1.0,0.5977634787559509,0.6451444588839245,10
ENSG00000174672,0.0,-0.22077400982379913,0.4450295931732751,10
ENSG00000174684,1.0,0.2592412233352661,0.5644497585526176,10
ENSG00000174744,1.0,-0.21833045780658722,0.44563317816000086,10
ENSG00000174775,1.0,0.15564900636672974,0.5388338821099707,10
ENSG00000174791,0.0,-0.012748531997203827,0.4968129101657482,10
ENSG00000174804,1.0,0.20023594796657562,0.5498923976575474,10
ENSG00000174807,0.0,-0.15309537947177887,0.46180073615311734,10
ENSG00000174851,1.0,0.3942207098007202,0.5972983350121858,10
ENSG00000174871,0.0,0.016624003648757935,0.5041559052030002,10
ENSG00000174885,0.0,-0.6498249769210815,0.34302897946112676,10
ENSG00000174903,1.0,1.3550885915756226,0.7949603055746612,10
ENSG00000174914,0.0,-2.2231273651123047,0.0976927834381862,10
ENSG00000174915,1.0,1.1067419052124023,0.751521203024635,10
ENSG00000174937,0.0,-1.972427248954773,0.12212841524840047,10
ENSG00000174957,0.0,-2.017777681350708,0.11734897896243338,10
ENSG00000174970,0.0,-2.2150752544403076,0.09840487106987278,10
ENSG00000174982,0.0,-1.8963731527328491,0.13051951285103167,10
ENSG00000174996,1.0,0.02997790277004242,0.5074939144849987,10
ENSG00000175097,0.0,-1.7538907527923584,0.14755713209216784,10
ENSG00000175104,1.0,0.09292098134756088,0.5232135449970687,10
ENSG00000175115,1.0,-0.19240199029445648,0.4520473393063037,10
ENSG00000175213,1.0,1.0421278476715088,0.7392603670126922,10
ENSG00000175216,1.0,0.3361259698867798,0.5832491688520528,10
ENSG00000175220,1.0,-0.8246654272079468,0.3047742176113217,10
ENSG00000175224,1.0,0.5727086663246155,0.6393879505552831,10
ENSG00000175229,0.0,0.024472013115882874,0.5061176979683975,10
ENSG00000175264,0.0,0.28857195377349854,0.571646487682395,10
ENSG00000175274,0.0,0.02993597835302353,0.5074834357318764,10
ENSG00000175294,0.0,0.09438309073448181,0.5235782720147757,10
ENSG00000175315,0.0,-0.9296344518661499,0.2829988821829465,10
ENSG00000175334,1.0,1.304890513420105,0.7866568978664963,10
ENSG00000175348,1.0,-0.036030493676662445,0.490993350926426,10
ENSG00000175352,1.0,0.7533731460571289,0.679913246160786,10
ENSG00000175356,0.0,0.26759713888168335,0.5665029112321035,10
ENSG00000175376,1.0,-0.013181217014789581,0.4967047434572178,10
ENSG00000175390,1.0,0.7136125564575195,0.671198910777852,10
ENSG00000175463,0.0,-1.5880401134490967,0.16965981793784346,10
ENSG00000175467,1.0,1.2557421922683716,0.77829227918104,10
ENSG00000175482,1.0,0.2972604036331177,0.5737726635165347,10
ENSG00000175485,0.0,-2.130872964859009,0.10613214666574719,10
ENSG00000175505,1.0,0.007518216967582703,0.5018795453886835,10
ENSG00000175514,0.0,-1.8109780550003052,0.14051996048410995,10
ENSG00000175518,0.0,-1.1496613025665283,0.24055095295785367,10
ENSG00000175520,0.0,-1.581243634223938,0.17061942519193662,10
ENSG00000175536,1.0,0.2660937011241913,0.5661336641036087,10
ENSG00000175538,0.0,-1.496820092201233,0.1829002748032841,10
ENSG00000175544,0.0,-1.9736801385879517,0.12199415269184467,10
ENSG00000175550,1.0,1.1757816076278687,0.7641884780516716,10
ENSG00000175564,0.0,-1.9639781713485718,0.12303716267997002,10
ENSG00000175567,1.0,0.7979825139045715,0.6895427559679619,10
ENSG00000175573,1.0,0.29612118005752563,0.573494034352874,10
ENSG00000175575,1.0,0.8132580518722534,0.692803340518885,10
ENSG00000175582,1.0,0.11231107264757156,0.528048291450322,10
ENSG00000175591,0.0,-0.22662188112735748,0.44358576437455355,10
ENSG00000175592,1.0,-0.908204197883606,0.2873674544231244,10
ENSG00000175602,1.0,0.22674258053302765,0.5564440261401569,10
ENSG00000175619,0.0,-2.163999319076538,0.10303026704678256,10
ENSG00000175868,0.0,-1.6768206357955933,0.157516928237833,10
ENSG00000175894,0.0,0.11036088317632675,0.5275622518774734,10
ENSG00000176009,0.0,-1.2675164937973022,0.21968268379903821,10
ENSG00000176029,0.0,-1.6029597520828247,0.16756835510059198,10
ENSG00000176102,1.0,0.40748053789138794,0.6004836055169787,10
ENSG00000176148,1.0,0.7682337760925293,0.6831387002521403,10
ENSG00000176200,0.0,-1.957708477973938,0.12371525686087106,10
ENSG00000176239,0.0,-1.043129324913025,0.260546640025525,10
ENSG00000176302,0.0,0.4480413794517517,0.6101734535789767,10
ENSG00000176340,1.0,0.6030762791633606,0.646359794644119,10
ENSG00000176485,0.0,0.7040927410125732,0.6690945600853941,10
ENSG00000176495,0.0,-1.5094362497329712,0.18102235593972943,10
ENSG00000176540,0.0,-1.5978337526321411,0.16828459560802786,10
ENSG00000176547,0.0,-1.7241095304489136,0.1513425871399162,10
ENSG00000176555,0.0,-2.0885612964630127,0.11021358395397353,10
ENSG00000176567,0.0,-1.914170503616333,0.1285130423225955,10
ENSG00000176697,0.0,-0.029732510447502136,0.4925674199271922,10
ENSG00000176742,0.0,-1.9126174449920654,0.1286870812883487,10
ENSG00000176787,0.0,-2.326059103012085,0.08898763010803283,10
ENSG00000176798,0.0,-1.3288613557815552,0.20934777269099536,10
ENSG00000176893,0.0,-1.571291208267212,0.17203239768553258,10
ENSG00000176895,0.0,-1.9606109857559204,0.12340094010352122,10
ENSG00000176900,0.0,-1.8698515892028809,0.13355889583279293,10
ENSG00000176904,0.0,-1.8186383247375488,0.13959734342686622,10
ENSG00000176922,0.0,-2.0235602855682373,0.11675135129647708,10
ENSG00000176925,0.0,-2.1775782108306885,0.10178212054132613,10
ENSG00000176971,0.0,-0.9713188409805298,0.2746177072889456,10
ENSG00000176973,1.0,-0.34730416536331177,0.4140363062500154,10
ENSG00000177030,1.0,0.33966630697250366,0.5841094626329065,10
ENSG00000177042,1.0,1.3596123456954956,0.7956966865108113,10
ENSG00000177054,1.0,-1.9879075288772583,0.12047841172554667,10
ENSG00000177098,0.0,-0.1724255234003067,0.45700010065983043,10
ENSG00000177103,0.0,-0.10329894721508026,0.4741982026609828,10
ENSG00000177105,1.0,0.4665667414665222,0.6145708289041373,10
ENSG00000177106,1.0,-0.13470230996608734,0.46637524975800976,10
ENSG00000177156,1.0,0.5557080507278442,0.6354588856304507,10
ENSG00000177225,1.0,0.7033675909042358,0.6689339870715285,10
ENSG00000177363,0.0,-1.9139703512191772,0.1285354605455518,10
ENSG00000177398,0.0,-1.8941161632537842,0.13077585908968437,10
ENSG00000177542,1.0,0.7877460718154907,0.6873471637240369,10
ENSG00000177595,1.0,0.5593124032020569,0.6362934287279517,10
ENSG00000177666,1.0,0.5850121378898621,0.6422198819277513,10
ENSG00000177685,1.0,-0.25393301248550415,0.43685568861054574,10
ENSG00000177692,0.0,0.8959255814552307,0.7101114892515098,10
ENSG00000177697,1.0,-0.5234532952308655,0.3720450929650399,10
ENSG00000177700,1.0,0.4851667284965515,0.6189671779642252,10
ENSG00000177830,1.0,0.3694418668746948,0.5913241069113867,10
ENSG00000177947,0.0,-1.8244181871414185,0.13890456961657954,10
ENSG00000177951,1.0,-0.029728353023529053,0.492568459053548,10
ENSG00000177963,1.0,0.8534754514694214,0.7012956891591338,10
ENSG00000178105,1.0,1.208940029144287,0.7701113456840263,10
ENSG00000178202,1.0,0.16532155871391296,0.5412365120922534,10
ENSG00000178301,0.0,-0.40475261211395264,0.40017101121585696,10
ENSG00000178358,0.0,-2.2202835083007812,0.09794375326430746,10
ENSG00000178795,0.0,-2.181863784790039,0.10139099066607432,10
ENSG00000179057,0.0,-1.9366012811660767,0.1260217166819271,10
ENSG00000179071,0.0,-0.49384045600891113,0.3789892725941499,10
ENSG00000179119,1.0,-0.6013225317001343,0.35404117768301563,10
ENSG00000179240,0.0,-0.01141541451215744,0.49714617736243055,10
ENSG00000179241,1.0,-0.11778223514556885,0.47058843472934253,10
ENSG00000179292,0.0,0.04662645235657692,0.5116545017331057,10
ENSG00000179331,0.0,0.6724265813827515,0.6620462982471985,10
ENSG00000179431,0.0,-0.22629214823246002,0.4436671497147462,10
ENSG00000179532,1.0,-1.6353408098220825,0.16310003679857393,10
ENSG00000179817,0.0,-1.8766610622406006,0.1327728617725247,10
ENSG00000179826,0.0,-1.379477858543396,0.20109287104807577,10
ENSG00000180176,0.0,-1.3465808629989624,0.20642992103306376,10
ENSG00000180210,0.0,-1.9602512121200562,0.12343986322360047,10
ENSG00000180423,1.0,0.43321019411087036,0.6066399720380283,10
ENSG00000180425,1.0,-0.5387146472930908,0.36848663868930187,10
ENSG00000180475,0.0,-1.3323129415512085,0.20877703492392444,10
ENSG00000180509,0.0,-1.7324892282485962,0.15026945702647504,10
ENSG00000180530,1.0,0.374400794506073,0.5925219359890027,10
ENSG00000180720,0.0,-0.8980185985565186,0.2894578461091821,10
ENSG00000180773,0.0,0.3011929988861084,0.5747341293725549,10
ENSG00000180785,0.0,-1.9103730916976929,0.1289389430388084,10
ENSG00000180878,0.0,0.07150865346193314,0.5178695493712192,10
ENSG00000180919,0.0,-2.0275256633758545,0.11634306068500737,10
ENSG00000180934,0.0,-1.270139455795288,0.2192333804900554,10
ENSG00000180974,0.0,-1.5577033758163452,0.17397644467804985,10
ENSG00000180988,0.0,-2.101508378982544,0.1089503011660828,10
ENSG00000181001,0.0,-1.7840107679367065,0.1438085916959908,10
ENSG00000181009,0.0,-1.993289589881897,0.11990927433467219,10
ENSG00000181023,0.0,-2.0748679637908936,0.11156362656891289,10
ENSG00000181074,0.0,-2.0603954792022705,0.11300618283618594,10
ENSG00000181264,1.0,-0.8567529320716858,0.2980181973276655,10
ENSG00000181273,0.0,-2.0904767513275146,0.11002588210301151,10
ENSG00000181333,0.0,-1.8034735918045044,0.14142875266943608,10
ENSG00000181371,0.0,-1.3007696866989136,0.21403550844510463,10
ENSG00000181499,0.0,-2.0941221714019775,0.10966942902166403,10
ENSG00000181518,0.0,-1.3790453672409058,0.2011623617165591,10
ENSG00000181609,0.0,-2.009934186935425,0.11816383543351759,10
ENSG00000181616,0.0,-1.9342900514602661,0.1262764961899367,10
ENSG00000181649,1.0,0.9524117708206177,0.7215999458657374,10
ENSG00000181693,0.0,0.47504204511642456,0.6165764444531782,10
ENSG00000181698,0.0,-0.9700130224227905,0.27487790657269623,10
ENSG00000181718,0.0,-1.8814982175827026,0.132216879944247,10
ENSG00000181752,0.0,-2.246744394302368,0.09563065694364387,10
ENSG00000181761,0.0,-1.7598453760147095,0.14680970642093052,10
ENSG00000181767,0.0,-1.92998206615448,0.1267525651407981,10
ENSG00000181785,0.0,-2.277759552001953,0.09298173160228192,10
ENSG00000181830,0.0,-0.7854592800140381,0.31314448063088735,10
ENSG00000181903,0.0,-1.4918276071548462,0.1836475720374129,10
ENSG00000181924,1.0,0.38780438899993896,0.5957540391011282,10
ENSG00000181927,0.0,-1.905941367149353,0.12943750542492927,10
ENSG00000181939,0.0,-1.8924461603164673,0.13096581130638973,10
ENSG00000181958,0.0,-1.703140139579773,0.15405558965379745,10
ENSG00000181961,0.0,-2.0666627883911133,0.11237949620009978,10
ENSG00000181963,0.0,-2.030236005783081,0.11606470717060755,10
ENSG00000182053,0.0,-2.3541626930236816,0.08673546768167682,10
ENSG00000182070,0.0,-2.0159928798675537,0.1175339717733155,10
ENSG00000182093,1.0,0.30061233043670654,0.574592199248699,10
ENSG00000182103,0.0,-0.37761223316192627,0.4067029262348335,10
ENSG00000182170,0.0,-0.03985099494457245,0.4900385695427663,10
ENSG00000182208,1.0,0.0682692900300026,0.5170606967954365,10
ENSG00000182240,0.0,-0.14142723381519318,0.4647020068210513,10
ENSG00000182255,0.0,0.5171439051628113,0.6264796736556019,10
ENSG00000182261,0.0,-1.3020411729812622,0.2138216913158281,10
ENSG00000182272,1.0,-0.21761907637119293,0.4458089276420307,10
ENSG00000182334,0.0,-2.1891520023345947,0.10072888137174814,10
ENSG00000182359,1.0,0.4074246883392334,0.600470206964165,10
ENSG00000182362,1.0,1.0073776245117188,0.732506632635225,10
ENSG00000182450,0.0,-0.6338219046592712,0.34664443834655634,10
ENSG00000182591,0.0,-1.7454451322555542,0.14862262143665134,10
ENSG00000182634,0.0,-2.2531144618988037,0.09508115617563315,10
ENSG00000182667,0.0,-1.8749793767929077,0.132966617757121,10
ENSG00000182670,1.0,0.4196316599845886,0.6033951059753836,10
ENSG00000182704,1.0,-0.3334394693374634,0.41740398338105655,10
ENSG00000182791,0.0,0.23501336574554443,0.5584844081605802,10
ENSG00000182816,0.0,-1.9441384077072144,0.12519391299559993,10
ENSG00000182871,1.0,0.20672594010829926,0.5514982148692521,10
ENSG00000182919,1.0,0.91489577293396,0.7140009437103377,10
ENSG00000182934,1.0,0.8011619448661804,0.69022297752029,10
ENSG00000182985,0.0,0.27961498498916626,0.5694518298535078,10
ENSG00000183020,1.0,0.8384665846824646,0.6981421627620319,10
ENSG00000183036,0.0,-1.8659296035766602,0.13401340423291266,10
ENSG00000183067,0.0,-0.7779900431632996,0.3147532393640614,10
ENSG00000183134,1.0,-1.7125651836395264,0.15283129560396252,10
ENSG00000183145,0.0,-0.06192757189273834,0.4845230529161972,10
ENSG00000183161,1.0,1.0653681755065918,0.7437150733953226,10
ENSG00000183251,1.0,-2.0176475048065186,0.11736246308570955,10
ENSG00000183255,1.0,0.681439995765686,0.6640600137229592,10
ENSG00000183269,0.0,-2.106391191482544,0.10847718140441899,10
ENSG00000183303,0.0,-2.209617853164673,0.09889012139390854,10
ENSG00000183313,0.0,-1.8218525648117065,0.13921172832868361,10
ENSG00000183340,1.0,-0.36272889375686646,0.4102991385963159,10
ENSG00000183389,0.0,-1.4949499368667603,0.1831799310987523,10
ENSG00000183421,0.0,0.18565556406974792,0.546281032812458,10
ENSG00000183486,0.0,-1.3903473615646362,0.19935230834383738,10
ENSG00000183527,1.0,0.12800639867782593,0.531957973932376,10
ENSG00000183560,0.0,-2.2153451442718506,0.09838092867419039,10
ENSG00000183570,0.0,-0.1666557341814041,0.458432231013266,10
ENSG00000183640,0.0,-1.9085924625396729,0.12913906424527594,10
ENSG00000183644,0.0,-1.9664336442947388,0.12277246470049331,10
ENSG00000183695,0.0,-2.0654537677764893,0.11250015295358765,10
ENSG00000183715,0.0,-0.894783079624176,0.29012375480849734,10
ENSG00000183734,0.0,0.36385035514831543,0.5899721758773517,10
ENSG00000183778,0.0,-0.3203907012939453,0.42058053390405403,10
ENSG00000183801,0.0,-2.084247350692749,0.1106373496441854,10
ENSG00000183844,0.0,0.027821600437164307,0.5069549514966828,10
ENSG00000183908,0.0,-1.1225298643112183,0.245542321283283,10
ENSG00000184012,0.0,0.07602652162313461,0.5189974807832776,10
ENSG00000184014,1.0,0.9173972606658936,0.7145114829323221,10
ENSG00000184029,1.0,-0.616797685623169,0.35051011773563656,10
ENSG00000184032,0.0,-2.260202646255493,0.09447303156834154,10
ENSG00000184154,0.0,1.2975728511810303,0.7854262144826021,10
ENSG00000184221,0.0,-1.6103969812393188,0.16653350524647023,10
ENSG00000184232,1.0,0.23795822262763977,0.5592104241509501,10
ENSG00000184276,0.0,-2.2377583980560303,0.09641064369169665,10
ENSG00000184281,1.0,0.9794248342514038,0.7269940759781715,10
ENSG00000184321,0.0,-2.2171149253845215,0.09822405687676557,10
ENSG00000184350,0.0,-0.611369788646698,0.3517467939675243,10
ENSG00000184351,0.0,-2.0669572353363037,0.1123501283677936,10
ENSG00000184363,1.0,-1.3015457391738892,0.21390498652573747,10
ENSG00000184384,1.0,0.4414648413658142,0.608608017715615,10
ENSG00000184478,0.0,-1.7124098539352417,0.15285140782963932,10
ENSG00000184524,0.0,-0.04447312653064728,0.48888355053772875,10
ENSG00000184545,0.0,0.05115046352148056,0.5127848285151859,10
ENSG00000184698,0.0,-1.6680394411087036,0.15868574732140742,10
ENSG00000184724,0.0,-2.160374879837036,0.10336570196599063,10
ENSG00000184743,1.0,0.7579178810119629,0.6809015126260858,10
ENSG00000184787,1.0,0.46358412504196167,0.6138640850522717,10
ENSG00000184900,1.0,0.35352402925491333,0.5874718851766048,10
ENSG00000184933,0.0,-2.264012098312378,0.09414764409264774,10
ENSG00000184937,1.0,-0.05638481676578522,0.4859075292318443,10
ENSG00000184956,0.0,-0.8412989974021912,0.301261270682479,10
ENSG00000184999,0.0,-1.6768490076065063,0.15751316318344652,10
ENSG00000185085,1.0,0.059313707053661346,0.5148240809487216,10
ENSG00000185101,1.0,-0.5486348271369934,0.3661811974883008,10
ENSG00000185187,1.0,0.20294654369354248,0.5505632081053669,10
ENSG00000185201,1.0,-1.8995839357376099,0.1301555718716481,10
ENSG00000185238,1.0,0.33823227882385254,0.5837610585237495,10
ENSG00000185272,0.0,-0.13189423084259033,0.46707416019024683,10
ENSG00000185437,1.0,0.23089733719825745,0.557469236652404,10
ENSG00000185475,1.0,0.591578483581543,0.6437272411076881,10
ENSG00000185507,0.0,-1.3537734746932983,0.20525413955073787,10
ENSG00000185522,0.0,0.4233272075653076,0.6042791466425766,10
ENSG00000185627,1.0,0.5182156562805176,0.6267304325012613,10
ENSG00000185658,1.0,0.03887588530778885,0.5097177474605584,10
ENSG00000185670,1.0,-2.0814011096954346,0.11091772096498549,10
ENSG00000185742,0.0,-0.934996485710144,0.2819121362408032,10
ENSG00000185808,1.0,0.3184182047843933,0.5789387082377492,10
ENSG00000185885,1.0,-1.6413284540176392,0.16228438066624237,10
ENSG00000185917,1.0,-0.5453843474388123,0.36693593716756584,10
ENSG00000185926,0.0,-1.6706300973892212,0.15834018858632015,10
ENSG00000185940,0.0,-2.073183298110962,0.11173071518758425,10
ENSG00000186104,1.0,0.04238935559988022,0.5105957523594195,10
ENSG00000186113,0.0,-2.3464109897613525,0.08735146918398129,10
ENSG00000186119,0.0,-1.4766262769699097,0.1859375411215559,10
ENSG00000186166,1.0,-0.38817328214645386,0.4041571230720332,10
ENSG00000186174,0.0,0.22422759234905243,0.5558232038634067,10
ENSG00000186280,0.0,0.8142542839050293,0.6930153247312969,10
ENSG00000186318,0.0,0.11127444356679916,0.5277899422145805,10
ENSG00000186509,0.0,-1.7342586517333984,0.15004366169802244,10
ENSG00000186513,0.0,-2.1725013256073,0.10224720144275422,10
ENSG00000186635,1.0,-1.973401665687561,0.12202398350395517,10
ENSG00000186642,1.0,0.13737112283706665,0.534288876044687,10
ENSG00000186652,1.0,-1.2768057584762573,0.21809444469351214,10
ENSG00000186660,1.0,1.0689541101455688,0.7443979656197149,10
ENSG00000186714,0.0,-1.3960822820663452,0.19843853017767776,10
ENSG00000186866,1.0,-0.16471605002880096,0.45891383919136114,10
ENSG00000186895,0.0,-0.35891038179397583,0.4112233573499452,10
ENSG00000186907,0.0,-0.5585672855377197,0.3638790269635665,10
ENSG00000186924,0.0,-1.9583734273910522,0.12364318786787883,10
ENSG00000186925,0.0,-1.4892268180847168,0.18403780615451862,10
ENSG00000186930,0.0,-1.3939310312271118,0.19878093159435795,10
ENSG00000186965,0.0,-2.1650354862213135,0.10293454900783083,10
ENSG00000186967,0.0,-2.0038986206054688,0.11879419916744963,10
ENSG00000186970,0.0,-1.6461457014083862,0.16163054970063126,10
ENSG00000186971,0.0,-1.6174441576004028,0.1655576537716908,10
ENSG00000186977,0.0,-1.9996510744094849,0.11923956183885984,10
ENSG00000186980,0.0,-2.293945550918579,0.0916256307021294,10
ENSG00000187005,0.0,-1.3773165941238403,0.20144031228166742,10
ENSG00000187026,0.0,-1.846804141998291,0.1362485641838267,10
ENSG00000187049,1.0,-0.32840198278427124,0.41862949608770333,10
ENSG00000187066,0.0,-0.1375809758901596,0.4656589077978642,10
ENSG00000187079,1.0,0.8355104923248291,0.6975188321473055,10
ENSG00000187151,0.0,-2.080909013748169,0.1109662582893113,10
ENSG00000187175,0.0,-1.3429497480392456,0.20702539208164059,10
ENSG00000187240,0.0,0.13313040137290955,0.5332335297335902,10
ENSG00000187398,0.0,-1.8878384828567505,0.1314911207396385,10
ENSG00000187479,0.0,-0.3415098190307617,0.41544277065346624,10
ENSG00000187486,0.0,0.6228622794151306,0.6508692491156264,10
ENSG00000187612,0.0,-1.8475853204727173,0.13615665739912253,10
ENSG00000187726,0.0,-1.6302927732467651,0.16379025817119505,10
ENSG00000187747,0.0,-1.9886876344680786,0.12039577358345241,10
ENSG00000187766,0.0,-2.1450839042663574,0.10479150807179036,10
ENSG00000187918,0.0,-1.5715054273605347,0.17200188705028974,10
ENSG00000188076,0.0,-2.2447216510772705,0.0958057379153589,10
ENSG00000188124,0.0,-1.8467656373977661,0.13625309565708496,10
ENSG00000188155,0.0,-1.2372139692306519,0.2249213069931381,10
ENSG00000188162,0.0,-1.9361311197280884,0.12607350948302434,10
ENSG00000188211,1.0,-0.26080942153930664,0.43516474487432594,10
ENSG00000188486,1.0,0.04163903743028641,0.51040825557338,10
ENSG00000188487,0.0,0.4428476095199585,0.6089373495223149,10
ENSG00000188694,0.0,-2.0728185176849365,0.11176692366475126,10
ENSG00000188771,0.0,-2.088991165161133,0.11017143527680756,10
ENSG00000188909,0.0,-1.6694324016571045,0.15849986911064531,10
ENSG00000188992,0.0,-2.207690954208374,0.09906196178918422,10
ENSG00000188997,1.0,0.1829962432384491,0.5456218179492264,10
ENSG00000189057,0.0,0.9599408507347107,0.7231099622997553,10
ENSG00000189169,0.0,-1.6698025465011597,0.15845050629750707,10
ENSG00000189253,0.0,-1.5065733194351196,0.18144718236284488,10
ENSG00000196099,0.0,-1.8187665939331055,0.13958193773559482,10
ENSG00000196119,1.0,-1.7572227716445923,0.14713850934539488,10
ENSG00000196224,0.0,-0.9561679363250732,0.2776460934924575,10
ENSG00000196248,0.0,-0.6803354620933533,0.3361864350451793,10
ENSG00000196323,1.0,0.5097454786300659,0.6247468068227123,10
ENSG00000196341,0.0,-2.0581958293914795,0.1132268542204784,10
ENSG00000196371,1.0,-0.01005040854215622,0.49748741901422483,10
ENSG00000196565,1.0,-1.5975443124771118,0.16832511095729671,10
ENSG00000196600,0.0,-1.9446614980697632,0.1251366351624032,10
ENSG00000196611,0.0,-2.130650758743286,0.10615322878590665,10
ENSG00000196655,1.0,0.5888855457305908,0.6431093972998674,10
ENSG00000196666,0.0,-1.9655729532241821,0.12286519070107176,10
ENSG00000196778,0.0,-2.2887320518493652,0.09206047701078972,10
ENSG00000196844,0.0,-2.0451571941375732,0.11454263522539312,10
ENSG00000196914,1.0,0.36650657653808594,0.5906145752305781,10
ENSG00000196954,0.0,-1.669940710067749,0.15843208389208754,10
ENSG00000197125,0.0,-1.8334499597549438,0.1378277975107461,10
ENSG00000197136,1.0,1.0645368099212646,0.7435565805473136,10
ENSG00000197309,0.0,-2.1311185359954834,0.1061088520483825,10
ENSG00000197381,1.0,-0.12183873355388641,0.46957794110693724,10
ENSG00000197428,0.0,-1.9022785425186157,0.12985080560820372,10
ENSG00000197580,0.0,-2.0771000385284424,0.11134258134908805,10
ENSG00000197601,1.0,0.7956950664520264,0.6890528617964979,10
ENSG00000197629,0.0,-1.9822441339492798,0.12107981514137162,10
ENSG00000197658,0.0,-1.4986666440963745,0.18262447332239795,10
ENSG00000197683,0.0,-1.1810230016708374,0.23486830767089414,10
ENSG00000197702,0.0,0.4121989607810974,0.6016150310006587,10
ENSG00000197745,0.0,0.5937162041664124,0.6442173604733421,10
ENSG00000197786,0.0,-1.5839227437973022,0.17024064306540343,10
ENSG00000197790,0.0,-2.1323869228363037,0.10598860594825736,10
ENSG00000197798,1.0,1.3410695791244507,0.7926657783103123,10
ENSG00000197887,0.0,-1.6664308309555054,0.15890062207460903,10
ENSG00000197891,0.0,-2.0040535926818848,0.11877797731760989,10
ENSG00000197901,0.0,-1.0931117534637451,0.25103276794098145,10
ENSG00000198054,1.0,-0.023871049284934998,0.4940325210452914,10
ENSG00000198168,1.0,0.0487738698720932,0.5121910507993801,10
ENSG00000198283,0.0,-2.116452932357788,0.10750793804191089,10
ENSG00000198331,0.0,1.088105320930481,0.7480247733098725,10
ENSG00000198382,1.0,0.5494483709335327,0.6340075993839052,10
ENSG00000198390,0.0,-2.2767412662506104,0.09306764548148029,10
ENSG00000198488,0.0,-2.1427700519561768,0.10500876970948868,10
ENSG00000198561,1.0,-0.781072735786438,0.31408873300372536,10
ENSG00000198730,1.0,1.0274813175201416,0.7364273054078697,10
ENSG00000198743,1.0,0.5273370146751404,0.6288617990499363,10
ENSG00000198851,0.0,-1.4136589765548706,0.1956575810890536,10
ENSG00000198862,1.0,0.14917674660682678,0.537225179072885,10
ENSG00000204300,0.0,0.8785848617553711,0.7065288838753638,10
ENSG00000204361,0.0,-1.9223469495773315,0.12760007946337268,10
ENSG00000204370,1.0,0.41777223348617554,0.6029500422011318,10
ENSG00000204381,0.0,-0.8941792249679565,0.29024813561912116,10
ENSG00000204397,0.0,-1.9212933778762817,0.12771740729592648,10
ENSG00000204403,0.0,-1.5176879167556763,0.1798022377746917,10
ENSG00000204449,0.0,-2.220132827758789,0.0979570668134256,10
ENSG00000204571,0.0,-1.6875957250595093,0.15609228740897552,10
ENSG00000204572,0.0,-1.9071385860443115,0.12930265852445025,10
ENSG00000204710,1.0,-1.7076358795166016,0.15347060454211264,10
ENSG00000204922,1.0,-0.7250980138778687,0.3262713549289383,10
ENSG00000204950,0.0,-0.5224481821060181,0.3722799452579781,10
ENSG00000204979,0.0,0.5820115804672241,0.641530139508807,10
ENSG00000205029,0.0,-1.852858304977417,0.13553764841934623,10
ENSG00000205030,0.0,-2.0549280643463135,0.11355537410022913,10
ENSG00000205126,0.0,-1.488574743270874,0.18413574703016408,10
ENSG00000205177,0.0,0.9074539542198181,0.7124788806207989,10
ENSG00000205213,1.0,-0.3797038197517395,0.40619833412601547,10
ENSG00000205339,1.0,1.1615121364593506,0.7616073693313127,10
ENSG00000205409,0.0,-1.487650752067566,0.18427459853427075,10
ENSG00000205439,0.0,-2.114103078842163,0.10773361448006714,10
ENSG00000205445,0.0,-1.6907906532287598,0.15567188982961191,10
ENSG00000205495,0.0,-2.2065162658691406,0.09916685057221822,10
ENSG00000205496,0.0,-2.0863149166107178,0.11043407164392018,10
ENSG00000205497,0.0,-2.193424940109253,0.10034248746963494,10
ENSG00000205531,1.0,0.8689419031143188,0.7045254823583504,10
ENSG00000205581,1.0,0.29422861337661743,0.573031050882109,10
ENSG00000205670,1.0,1.1745651960372925,0.7639692048333457,10
ENSG00000205726,0.0,1.0099049806594849,0.7330015533892085,10
ENSG00000205758,1.0,-0.8340848684310913,0.30278203964963185,10
ENSG00000205864,0.0,-1.8563071489334106,0.1351340647436459,10
ENSG00000205867,0.0,-1.9791089296340942,0.12141385856399035,10
ENSG00000205869,0.0,-1.6636611223220825,0.15927114681179833,10
ENSG00000205927,0.0,0.7148034572601318,0.6714616781827136,10
ENSG00000205929,0.0,-2.2419774532318115,0.09604372335948942,10
ENSG00000206013,0.0,-0.7808660268783569,0.3141332674622008,10
ENSG00000206102,0.0,-2.251953363418579,0.09518110491611285,10
ENSG00000206104,0.0,-1.6848698854446411,0.15645169210337326,10
ENSG00000206105,0.0,-1.7308220863342285,0.15048245609555164,10
ENSG00000206106,0.0,-2.0703890323638916,0.11200833859596795,10
ENSG00000206107,0.0,-2.0234994888305664,0.11675762083091869,10
ENSG00000211450,1.0,0.6319823265075684,0.6529388127312515,10
ENSG00000212933,0.0,-1.38550865650177,0.20012574237133912,10
ENSG00000212935,0.0,-2.1072463989257812,0.10839450208187784,10
ENSG00000212938,0.0,-2.078023672103882,0.11125122484680122,10
ENSG00000213402,0.0,-0.5477004051208496,0.3663980969623646,10
ENSG00000213445,1.0,-0.9611505270004272,0.2766478993462855,10
ENSG00000213465,1.0,0.7197914123535156,0.6725610829922953,10
ENSG00000213593,1.0,0.8984837532043457,0.7106378138080669,10
ENSG00000213619,1.0,0.7603132724761963,0.681421744769758,10
ENSG00000213931,1.0,-0.5600199699401855,0.3635428390722009,10
ENSG00000213934,1.0,-1.7577654123306274,0.14707042707187376,10
ENSG00000214063,1.0,0.26728853583335876,0.5664271237545596,10
ENSG00000214290,0.0,0.3871288299560547,0.5955913329113718,10
ENSG00000214376,0.0,0.5043284296989441,0.6234759877762963,10
ENSG00000214517,1.0,1.0136210918426514,0.7337282045208141,10
ENSG00000214530,1.0,0.3523690700531006,0.5871919541016176,10
ENSG00000214753,1.0,0.23293660581111908,0.5579722595601332,10
ENSG00000214756,1.0,-0.1463371068239212,0.46348087010362704,10
ENSG00000214782,0.0,-2.1965837478637695,0.10005768943818313,10
ENSG00000214787,0.0,-1.7820042371749878,0.14405582779375242,10
ENSG00000214872,0.0,-2.0286319255828857,0.1162293770576592,10
ENSG00000214891,0.0,-1.5272465944290161,0.17839689911917953,10
ENSG00000215182,0.0,-2.2027227878570557,0.09950624819752234,10
ENSG00000215454,0.0,-0.382641077041626,0.4054900596562635,10
ENSG00000215455,0.0,-1.1376864910125732,0.24274537721239217,10
ENSG00000219435,0.0,-0.9872087240219116,0.2714637593330994,10
ENSG00000221837,0.0,-1.9117472171783447,0.12878468860900352,10
ENSG00000221840,0.0,-1.7003651857376099,0.1544175757456712,10
ENSG00000221859,0.0,-2.283801317214966,0.09247344399144738,10
ENSG00000221864,0.0,-0.5058468580245972,0.37616762247355706,10
ENSG00000221931,0.0,-1.9854966402053833,0.12073411143689795,10
ENSG00000221932,0.0,-1.8354684114456177,0.13758811757484787,10
ENSG00000221954,0.0,-1.7200332880020142,0.15186687600153045,10
ENSG00000221968,1.0,0.46528178453445435,0.6142664118519934,10
ENSG00000221996,0.0,-1.8977162837982178,0.13036716436486517,10
ENSG00000222018,0.0,-2.177335739135742,0.10180429005532653,10
ENSG00000223609,1.0,-1.5856770277023315,0.16999297842027947,10
ENSG00000223953,0.0,0.44510191679000854,0.6094740416679832,10
ENSG00000226288,0.0,-1.9646207094192505,0.12296785024305014,10
ENSG00000228607,0.0,-1.7109123468399048,0.15304541763238422,10
ENSG00000229183,0.0,-2.3256709575653076,0.0890191016263073,10
ENSG00000229859,0.0,-2.3223297595977783,0.08929042740064407,10
ENSG00000231068,0.0,-1.8369492292404175,0.1374125015278376,10
ENSG00000232263,0.0,-1.0410094261169434,0.26095527142993924,10
ENSG00000232268,0.0,-1.8346151113510132,0.13768939945447975,10
ENSG00000233436,0.0,0.8075896501541138,0.6915956356616529,10
ENSG00000234560,0.0,-2.2357184886932373,0.09658849804726181,10
ENSG00000234776,0.0,0.08184245228767395,0.5204491999655348,10
ENSG00000235268,0.0,-1.3990956544876099,0.197959656634405,10
ENSG00000235718,0.0,-1.6708604097366333,0.15830949760353752,10
ENSG00000236027,0.0,-1.7172050476074219,0.15223152156514283,10
ENSG00000236287,1.0,0.7968885898590088,0.6893085272281445,10
ENSG00000236981,0.0,-2.0038001537323,0.11880450727711554,10
ENSG00000237353,0.0,-1.3899210691452026,0.1994203580089646,10
ENSG00000237388,0.0,-2.153327226638794,0.10402071543336269,10
ENSG00000239306,1.0,0.6230429410934448,0.6509103012798935,10
ENSG00000240432,0.0,-1.826743245124817,0.1386267026349176,10
ENSG00000241123,0.0,-0.6998537182807922,0.33184466117000266,10
ENSG00000241233,0.0,-1.8229902982711792,0.1390754476094504,10
ENSG00000241598,0.0,-1.1162505149841309,0.24670743667122413,10
ENSG00000241837,1.0,0.8579962253570557,0.7022418384600291,10
ENSG00000241945,1.0,0.6187143921852112,0.6499261007098163,10
ENSG00000242180,1.0,-1.8891350030899048,0.1313431272944539,10
ENSG00000242220,0.0,-2.2265360355377197,0.0973927246487511,10
ENSG00000242689,1.0,-1.5106093883514404,0.18084849938999947,10
ENSG00000243440,0.0,-1.463969111442566,0.18786101047692286,10
ENSG00000243489,0.0,-1.7570332288742065,0.1471622964250766,10
ENSG00000243627,0.0,-1.8384373188018799,0.13723621296809146,10
ENSG00000243646,1.0,0.1421704888343811,0.535482876017413,10
ENSG00000244025,0.0,-2.039144515991211,0.11515387157475035,10
ENSG00000244242,0.0,-2.155164957046509,0.10384956280936464,10
ENSG00000244362,0.0,-2.1951920986175537,0.10018307185751965,10
ENSG00000244411,0.0,-1.7959277629852295,0.1423474989726392,10
ENSG00000244624,0.0,-0.7653723955154419,0.31748099912493033,10
ENSG00000244734,0.0,-1.2666505575180054,0.2198311605345426,10
ENSG00000248643,1.0,0.6230429410934448,0.6509103012798935,10
ENSG00000248712,0.0,-1.7827285528182983,0.14396653998517173,10
ENSG00000249209,1.0,0.3564757704734802,0.5881870505621215,10
ENSG00000249624,1.0,-1.9528671503067017,0.12424106102644311,10
ENSG00000250644,1.0,0.8547519445419312,0.7015630202583684,10
ENSG00000254466,0.0,-1.1168843507766724,0.24658966171599128,10
ENSG00000254469,1.0,-0.03746837377548218,0.4906340022578139,10
ENSG00000254550,0.0,-1.9046448469161987,0.129583671985784,10
ENSG00000254647,0.0,0.31572088599205017,0.578281046762852,10
ENSG00000254737,0.0,-2.1012275218963623,0.10897756980408521,10
ENSG00000254772,1.0,-1.3687652349472046,0.2028194145565265,10
ENSG00000254827,0.0,-1.5845483541488647,0.17015228834935955,10
ENSG00000254834,0.0,-2.004526376724243,0.1187285000394028,10
ENSG00000254979,1.0,-1.3313122987747192,0.20894237845724944,10
ENSG00000254986,1.0,-0.24849458038806915,0.43819406880549683,10
ENSG00000254997,0.0,-2.0241315364837646,0.11669245652721437,10
ENSG00000255012,0.0,-1.4862923622131348,0.18447887584031158,10
ENSG00000255221,0.0,-1.772316575050354,0.14525447671320707,10
ENSG00000255223,0.0,-0.9470363855361938,0.2794812191686774,10
ENSG00000255307,0.0,-1.948227047920227,0.12474680928139432,10
ENSG00000255432,1.0,0.714139461517334,0.6713151834559442,10
ENSG00000255501,0.0,-1.8567291498184204,0.13508475189142857,10
ENSG00000255561,1.0,0.18984368443489075,0.5473188895409885,10
ENSG00000255823,1.0,-1.8205095529556274,0.13937274188151763,10
ENSG00000256269,1.0,0.9341775178909302,0.7179220442036103,10
ENSG00000256349,1.0,-0.47127509117126465,0.3843144910653011,10
ENSG00000256591,1.0,0.6457048058509827,0.6560418987870612,10
ENSG00000256713,0.0,-2.3256709575653076,0.0890191016263073,10
ENSG00000258588,1.0,-0.9773178100585938,0.2734243128402365,10
ENSG00000258659,1.0,-1.1543337106704712,0.2396984035695105,10
ENSG00000258817,0.0,-1.1951290369033813,0.23234286690539732,10
ENSG00000259112,1.0,-1.783177375793457,0.14391123580132767,10
ENSG00000259571,0.0,-1.017022728919983,0.2656077424131173,10
